,shooterPlayerId,shooterName,xG
907,8475786.0,Zach Hyman,54.81716485522668
77,8479318.0,Auston Matthews,46.24166112068642
770,8477933.0,Sam Reinhart,41.476760968462656
160,8475184.0,Chris Kreider,41.238367571492304
572,8479314.0,Matthew Tkachuk,41.14297077807727
345,8477404.0,Jake Guentzel,40.52558569739739
412,8475166.0,John Tavares,39.42578727550259
102,8480801.0,Brady Tkachuk,39.37473242744103
213,8477956.0,David Pastrnak,38.337902731687024
877,8476389.0,Vincent Trocheck,37.98156801709433
274,8476887.0,Filip Forsberg,36.36369184040264
621,8477492.0,Nathan MacKinnon,36.27679347156966
605,8478420.0,Mikko Rantanen,34.997431326980404
400,8478493.0,Joel Eriksson Ek,34.570469226185345
114,8478010.0,Brayden Point,34.05553582474272
132,8478444.0,Brock Boeser,33.517017605167915
486,8475151.0,Kyle Palmieri,33.33701708588259
188,8478402.0,Connor McDavid,33.24298631329986
49,8475314.0,Anders Lee,32.69915884311841
153,8477409.0,Carter Verhaeghe,32.547507657555336
650,8476453.0,Nikita Kucherov,32.51720454091011
799,8471675.0,Sidney Crosby,31.969886067943143
895,8482740.0,Wyatt Johnston,31.841354039885047
72,8478550.0,Artemi Panarin,31.43470847561309
894,8477939.0,William Nylander,31.130792025089626
623,8475172.0,Nazem Kadri,31.081517792001407
790,8482093.0,Seth Jarvis,31.080997047649948
477,8478864.0,Kirill Kaprizov,31.026621364703516
268,8475169.0,Evander Kane,30.283124498756717
317,8476468.0,J.T. Miller,29.598408520745075
738,8478449.0,Roope Hintz,28.923526321553947
840,8479675.0,Trevor Moore,28.712182323377522
251,8480012.0,Elias Pettersson,28.553196185193684
396,8470794.0,Joe Pavelski,28.255023188903795
866,8477501.0,Valeri Nichushkin,28.20780400096003
808,8474564.0,Steven Stamkos,27.882833056355672
135,8475754.0,Brock Nelson,27.803678081648698
424,8476539.0,Jonathan Marchessault,27.709883228982402
859,8475726.0,Tyler Toffoli,27.661225081301453
98,8473419.0,Brad Marchand,27.597548401265875
693,8477402.0,Pavel Buchnevich,27.17838592081026
89,8477500.0,Bo Horvat,26.973508114341012
170,8481540.0,Cole Caufield,26.937042313756418
492,8477934.0,Leon Draisaitl,26.935369986570457
788,8478427.0,Sebastian Aho,26.76714546523665
46,8482109.0,Alexis Lafreniere,26.538618740346507
30,8471214.0,Alex Ovechkin,26.351894217213523
483,8478398.0,Kyle Connor,25.8618430266253
558,8481557.0,Matt Boldy,25.848681293009648
387,8479407.0,Jesper Bratt,25.79469549385027
754,8475158.0,Ryan O'Reilly,25.761237250499523
107,8479542.0,Brandon Hagel,25.70846226857851
886,8477998.0,Warren Foegele,25.623920970410367
136,8475810.0,Bryan Rust,25.565056789364125
343,8478498.0,Jake DeBrusk,25.410598359465297
852,8477479.0,Tyler Bertuzzi,25.33876478374431
753,8476454.0,Ryan Nugent-Hopkins,25.302094214810616
786,8477497.0,Sean Monahan,25.294103809905344
19,8477493.0,Aleksander Barkov,25.255139367376753
360,8473994.0,Jamie Benn,25.163186370841558
642,8480002.0,Nico Hischier,25.144580701561804
430,8479385.0,Jordan Kyrou,24.79060956175848
826,8476880.0,Tom Wilson,24.760522538359037
374,8480027.0,Jason Robertson,24.647306216942862
836,8478439.0,Travis Konecny,24.456666550602637
242,8477946.0,Dylan Larkin,24.33371434247182
684,8480015.0,Owen Tippett,24.09419978884803
540,8476460.0,Mark Scheifele,24.089951862368917
279,8478366.0,Frank Vatrano,24.05031712222012
321,8478403.0,Jack Eichel,23.892870281215036
560,8475168.0,Matt Duchene,23.841433906342697
468,8477942.0,Kevin Fiala,23.66561985548099
763,8477935.0,Sam Bennett,23.663814996856075
22,8479337.0,Alex DeBrincat,23.6146530593324
322,8481559.0,Jack Hughes,23.576250610679043
33,8477949.0,Alex Tuch,23.573630243943473
713,8482124.0,Quinton Byfield,23.571425107827597
858,8475794.0,Tyler Seguin,23.562720960246246
85,8476399.0,Blake Coleman,23.407699145810547
16,8477960.0,Adrian Kempe,23.383045987679772
245,8478440.0,Dylan Strome,23.357626219749537
739,8479525.0,Ross Colton,23.315160578668994
544,8480039.0,Martin Necas,23.081841274350243
158,8475745.0,Charlie Coyle,23.07259402596472
596,8476459.0,Mika Zibanejad,22.992262035012896
552,8478445.0,Mathew Barzal,22.760915871428928
272,8480188.0,Fabian Zetterlund,22.691443071187592
269,8471215.0,Evgeni Malkin,22.35318766259756
427,8474586.0,Jordan Eberle,22.223930858358862
233,8480208.0,Drake Batherson,22.125260185544253
182,8476925.0,Colton Sissons,22.035187533992914
696,8478401.0,Pavel Zacha,22.032604169457127
823,8478414.0,Timo Meier,22.02132108244537
167,8479343.0,Clayton Keller,21.91107532418345
115,8475170.0,Brayden Schenn,21.88751686875693
192,8478856.0,Conor Garland,21.853991815460702
811,8479420.0,Tage Thompson,21.819315837689903
235,8482055.0,Drew O'Connor,21.819015399578042
250,8477496.0,Elias Lindholm,21.737159612414136
663,8475799.0,Nino Niederreiter,21.651540114986766
891,8476448.0,William Karlsson,21.61236322569176
368,8477955.0,Jared McCann,21.48325614096815
597,8474150.0,Mikael Backlund,21.45610255179508
901,8481068.0,Yegor Sharangovich,21.210469053837375
359,8474037.0,James van Riemsdyk,21.199573434581243
383,8475784.0,Jeff Skinner,21.17524051113276
445,8483515.0,Juraj Slafkovsky,21.1346713495302
10,8474641.0,Adam Henrique,21.127567691713843
318,8482175.0,JJ Peterka,21.113487338150144
627,8477426.0,Nicholas Paul,21.069145323164985
658,8477940.0,Nikolaj Ehlers,20.862698118383747
93,8476432.0,Boone Jenner,20.73878602265597
587,8478047.0,Michael Bunting,20.721745207592754
348,8482089.0,Jake Neighbours,20.562427982020814
57,8478233.0,Andrew Mangiapane,20.515524826625764
435,8476981.0,Josh Anderson,20.469191052944144
640,8480018.0,Nick Suzuki,20.386323774986174
238,8481528.0,Dylan Cozens,20.375043755341952
431,8476921.0,Jordan Martinook,20.281620331776686
490,8478474.0,Lawson Crouse,20.145571709429838
727,8476483.0,Rickard Rakell,20.14230315322228
227,8481716.0,Dmitri Voronkov,20.11037755020902
629,8475760.0,Nick Bjugstad,20.105812054314168
509,8482078.0,Lucas Raymond,20.055424445584144
54,8480830.0,Andrei Svechnikov,19.97555101371845
638,8477951.0,Nick Schmaltz,19.952501089991156
189,8481580.0,Connor McMichael,19.93453595325139
548,8478975.0,Mason Marchment,19.926776042055852
734,8480023.0,Robert Thomas,19.8340529164114
634,8473422.0,Nick Foligno,19.64510341893331
607,8477425.0,Miles Wood,19.602486746672724
183,8484144.0,Connor Bedard,19.601334072123354
13,8476392.0,Adam Lowry,19.52562699578969
899,8476826.0,Yanni Gourde,19.380063170860048
74,8477476.0,Artturi Lehkonen,19.324794107957548
261,8475287.0,Erik Haula,19.32431941119239
267,8478542.0,Evan Rodrigues,19.21413032715446
140,8480069.0,Cale Makar,19.21225923962038
434,8473533.0,Jordan Staal,19.163116148619363
529,8482079.0,Marco Rossi,19.08470526463554
117,8475848.0,Brendan Gallagher,19.02033296795532
783,8476461.0,Sean Couturier,19.004911785563902
822,8482116.0,Tim Stutzle,18.969262527870008
827,8476881.0,Tomas Hertl,18.954923013533513
707,8479400.0,Pierre-Luc Dubois,18.909522891241764
67,8482113.0,Anton Lundell,18.764419002742493
61,8478519.0,Anthony Cirelli,18.695204564047362
736,8474600.0,Roman Josi,18.59826303895806
283,8480014.0,Gabriel Vilardi,18.51660271541928
307,8481624.0,Ilya Mikheyev,18.47245298908906
26,8473986.0,Alex Killorn,18.41184881919335
746,8477451.0,Ryan Hartman,18.409609866852016
295,8474679.0,Gustav Nyquist,18.35579936386703
401,8480797.0,Joel Farabee,18.31561700956612
725,8475191.0,Reilly Smith,18.299989514972044
710,8480459.0,Pius Suter,18.134253298986575
703,8476479.0,Phillip Danault,18.11742667249921
53,8483808.0,Andrei Kuzmenko,18.11122419045988
109,8476438.0,Brandon Saad,18.015422254084022
514,8482146.0,Luke Evangelista,17.840638979380405
247,8480185.0,Eetu Luostarinen,17.80575999423996
146,8474715.0,Cam Atkinson,17.60939491243457
375,8475722.0,Jason Zucker,17.58435189212249
393,8476918.0,Jimmy Vesey,17.546013314221426
312,8477964.0,Ivan Barbashev,17.53048437815409
806,8476474.0,Stefan Noesen,17.523019943052102
672,8477416.0,Oliver Bjorkstrand,17.488163110471056
166,8473512.0,Claude Giroux,17.433645976869528
489,8474189.0,Lars Eller,17.35730110861299
862,8482159.0,Tyson Foerster,17.330826722393486
847,8478873.0,Troy Terry,17.324865774568927
24,8480113.0,Alex Iafallo,17.274811532251586
661,8481535.0,Nils Hoglander,17.214854830810225
478,8480893.0,Kirill Marchenko,17.06474234038164
216,8482110.0,Dawson Mercer,16.995547942982398
423,8476456.0,Jonathan Huberdeau,16.970728598311734
27,8482155.0,Alex Laferriere,16.960998076016864
62,8477407.0,Anthony Duclair,16.870854423994658
555,8481711.0,Matias Maccelli,16.845528751365467
880,8475765.0,Vladimir Tarasenko,16.820132275167847
838,8479365.0,Trent Frederic,16.799126228856537
612,8478483.0,Mitchell Marner,16.76682950775665
541,8475913.0,Mark Stone,16.754053501958005
68,8471685.0,Anze Kopitar,16.57090583785107
569,8482720.0,Matthew Knies,16.529615100051668
175,8482705.0,Cole Sillinger,16.476899290957235
809,8471698.0,T.J. Oshie,16.433827195032897
246,8480009.0,Eeli Tolvanen,16.260300101373765
897,8478508.0,Yakov Trenin,16.19226807550566
25,8477021.0,Alex Kerfoot,16.15953190316183
647,8478462.0,Nicolas Roy,16.076518509526547
497,8483431.0,Logan Cooley,16.03249095474814
389,8480829.0,Jesperi Kotkaniemi,15.968377354277054
173,8482149.0,Cole Perfetti,15.899506031369528
904,8484145.0,Zach Benson,15.850605889501027
155,8479999.0,Casey Mittelstadt,15.792186261036356
744,8477987.0,Ryan Donato,15.786852949506294
890,8482667.0,William Eklund,15.727764499918129
421,8477494.0,Jonathan Drouin,15.679038692225415
339,8475768.0,Jaden Schwartz,15.621298623869862
316,8477456.0,J.T. Compher,15.61276577914098
549,8482745.0,Mason McTavish,15.559361934681894
817,8476882.0,Teuvo Teravainen,15.24842766375039
200,8478057.0,Dakota Joshua,15.225767272405523
705,8478115.0,Pierre Engvall,15.171721289381237
616,8479987.0,Morgan Geekie,15.137174858682325
414,8476346.0,Johnny Gaudreau,15.129361476411523
576,8482665.0,Matty Beniers,15.069220614769195
553,8478472.0,Mathieu Joseph,15.019316836884611
794,8481596.0,Shane Pinto,14.853805334872042
615,8480028.0,Morgan Frost,14.842729024189534
556,8475692.0,Mats Zuccarello,14.690125602024384
815,8479390.0,Taylor Raddysh,14.662053836161139
720,8480839.0,Rasmus Dahlin,14.651393386460171
883,8476480.0,Vladislav Namestnikov,14.598820078332432
888,8482157.0,Will Cuylle,14.495643934773588
594,8479992.0,Michael Rasmussen,14.479877625530401
589,8479591.0,Michael Eyssimont,14.31898181109239
701,8480798.0,Philipp Kurashev,14.280443562068662
778,8476872.0,Scott Laughton,14.27775206891764
598,8475798.0,Mikael Granlund,14.272478007082285
176,8482062.0,Cole Smith,14.261763421411995
830,8478438.0,Tommy Novak,14.251292566206955
207,8478046.0,Danton Heinen,14.248655752771617
320,8480835.0,Jack Drury,14.21956276056665
266,8480803.0,Evan Bouchard,14.083332678606947
45,8480281.0,Alexey Toropchenko,14.06073678318945
326,8478458.0,Jack Roslovic,14.045355547539247
372,8477450.0,Jason Dickinson,13.976124757146136
712,8480800.0,Quinn Hughes,13.939430780799468
214,8474102.0,David Perron,13.910933577168414
546,8478891.0,Mason Appleton,13.89989687387857
469,8475763.0,Kevin Hayes,13.735815211026623
850,8481789.0,Tye Kartye,13.68164749634005
853,8474870.0,Tyler Johnson,13.659371903307488
203,8478466.0,Daniel Sprong,13.656674783364336
277,8480821.0,Filip Zadina,13.628825503265647
48,8481656.0,Aliaksei Protas,13.48100577591518
63,8477511.0,Anthony Mantha,13.381515576499117
60,8478463.0,Anthony Beauvillier,13.295787680779776
689,8474141.0,Patrick Kane,13.148036181292762
440,8477504.0,Josh Morrissey,13.128229231210193
351,8479345.0,Jakob Chychrun,13.078568665853583
752,8480802.0,Ryan McLeod,13.072485656328794
56,8477429.0,Andrew Copp,13.061381346660486
579,8477503.0,Max Domi,13.052523573525647
573,8475218.0,Mattias Ekholm,12.982938631169455
449,8479941.0,Justin Danforth,12.947579004342884
731,8477952.0,Robby Fabbri,12.937768500041697
36,8477505.0,Alex Wennberg,12.911793944703058
586,8478020.0,Michael Amadio,12.90349383156658
406,8474590.0,John Carlson,12.878444738333886
728,8482092.0,Ridly Greig,12.817884712361323
545,8481028.0,Martin Pospisil,12.750094353702188
195,8470621.0,Corey Perry,12.714638090770908
379,8476419.0,Jean-Gabriel Pageau,12.692638144220089
678,8476292.0,Ondrej Palat,12.66105715752426
285,8477903.0,Garnet Hathaway,12.596605313208798
143,8475714.0,Calle Jarnkrok,12.570806502723507
667,8478396.0,Noah Hanifin,12.492671231787245
591,8477446.0,Michael McCarron,12.492092250049357
398,8476469.0,Joel Armia,12.319973409530222
108,8477986.0,Brandon Montour,12.290873095547605
910,8478460.0,Zach Werenski,12.101195600819715
870,8475167.0,Victor Hedman,12.08141933608006
501,8481186.0,Logan O'Connor,12.06725715333063
485,8473449.0,Kyle Okposo,12.01945027945442
609,8480036.0,Miro Heiskanen,11.926542736566867
692,8481032.0,Paul Cotter,11.875113046973317
184,8477015.0,Connor Brown,11.869693033081749
755,8480068.0,Ryan Poehling,11.849423772722641
28,8481618.0,Alex Newhook,11.848710957471685
428,8478413.0,Jordan Greenway,11.748497943777162
816,8476927.0,Teddy Blueger,11.663270424156414
839,8473453.0,Trevor Lewis,11.62265193479905
196,8475225.0,Craig Smith,11.577893498273399
388,8475855.0,Jesper Fast,11.510268480663749
105,8479520.0,Brandon Duhaime,11.50318698408885
532,8475149.0,Marcus Johansson,11.485918102898344
441,8480064.0,Josh Norris,11.479297886559163
767,8478043.0,Sam Lafferty,11.468124965784593
81,8479359.0,Beck Malenstyn,11.43663895238098
517,8479316.0,Luke Kunin,11.340659711200098
694,8481604.0,Pavel Dorofeyev,11.320993843171658
491,8484153.0,Leo Carlsson,11.30123446403821
157,8476905.0,Chandler Stephenson,11.278210461328511
263,8474578.0,Erik Karlsson,11.243954088429293
759,8476458.0,Ryan Strome,11.212974731392421
714,8476889.0,Radek Faksa,11.157231424923038
7,8479323.0,Adam Fox,11.153668670706935
39,8482125.0,Alexander Holtz,11.102317623322678
820,8481581.0,Thomas Harley,10.919037985228785
397,8480813.0,Joe Veleno,10.887556292359916
588,8479619.0,Michael Carcone,10.88001902169122
208,8477498.0,Darnell Nurse,10.861566226464731
124,8479353.0,Brett Howden,10.84403738168629
475,8480748.0,Kiefer Sherwood,10.84140827533826
632,8476393.0,Nick Cousins,10.811451089650745
771,8479351.0,Sam Steel,10.795690576414566
764,8475842.0,Sam Carrick,10.775577317624814
601,8476875.0,Mike Matheson,10.705470834514292
381,8470604.0,Jeff Carter,10.690605962747068
225,8478038.0,Devon Toews,10.689834072588724
520,8477346.0,MacKenzie Weegar,10.635895494080845
91,8482259.0,Bobby McMann,10.618047278954322
900,8482475.0,Yegor Chinakhov,10.617499407965854
270,8474149.0,Evgenii Dadonov,10.585894771203291
154,8475231.0,Casey Cizikas,10.518203339872393
459,8481554.0,Kaapo Kakko,10.49794281375589
353,8475164.0,Jakob Silfverberg,10.478332959492024
240,8482699.0,Dylan Guenther,10.471677530821037
159,8479325.0,Charlie McAvoy,10.46958603159354
617,8476853.0,Morgan Rielly,10.443975967925017
271,8475744.0,Evgeny Kuznetsov,10.427860877981113
123,8470613.0,Brent Burns,10.365572950014407
829,8475193.0,Tomas Tatar,10.32249030907118
784,8480434.0,Sean Durzi,10.311599020669025
344,8478133.0,Jake Evans,10.29886723736752
101,8476869.0,Brady Skjei,10.28288607897648
231,8477330.0,Dominik Kubalik,10.221119354310122
6,8484166.0,Adam Fantilli,10.200270195165094
682,8476897.0,Oskar Sundqvist,10.1335056389665
837,8477948.0,Travis Sanheim,10.096529794337572
666,8479393.0,Noah Gregor,10.000067351715815
110,8479293.0,Brandon Tanev,9.963563264209437
580,8479368.0,Max Jones,9.963274071468286
44,8480074.0,Alexandre Texier,9.942927566211619
464,8477953.0,Kasperi Kapanen,9.844605246713982
832,8476792.0,Torey Krug,9.751484125276688
439,8476312.0,Josh Manson,9.737023539322943
191,8482074.0,Connor Zary,9.654860048401869
719,8478397.0,Rasmus Andersson,9.563415518442879
502,8482702.0,Logan Stankoven,9.54337451442494
802,8481601.0,Simon Holmstrom,9.49994472944344
80,8480849.0,Barrett Hayton,9.489879307943387
574,8477406.0,Mattias Janmark,9.458206209615339
582,8474157.0,Max Pacioretty,9.443665137726954
87,8471218.0,Blake Wheeler,9.3996409514382
186,8480980.0,Connor Dewar,9.380848045159773
38,8482222.0,Alexander Barabanov,9.366521204711123
73,8481560.0,Arthur Kaliyev,9.268653354209967
324,8480855.0,Jack McBain,9.249731590007217
614,8480289.0,Morgan Barron,9.188438172024895
685,8480448.0,Parker Kelly,9.173022008198998
592,8479415.0,Michael McLeod,9.14516394950317
791,8477495.0,Seth Jones,9.110579513911366
169,8479996.0,Cody Glass,9.047321596020623
889,8477478.0,William Carrier,9.00873718539731
787,8480336.0,Sean Walker,8.999029685246843
50,8477444.0,Andre Burakovsky,8.97696837716928
165,8478432.0,Christian Fischer,8.960124029445929
349,8482105.0,Jake Sanderson,8.935453816602408
813,8476871.0,Tanner Pearson,8.867945190519828
90,8481553.0,Bobby Brink,8.839408236299459
462,8479977.0,Kailer Yamamoto,8.775615793983048
229,8475200.0,Dmitry Orlov,8.77463305970248
212,8480144.0,David Kampf,8.756109849520884
747,8475793.0,Ryan Johansen,8.7358618295534
148,8481546.0,Cam York,8.724097346845925
474,8478831.0,Kevin Stenlund,8.656123982497313
150,8479336.0,Carl Grundstrom,8.652587311726808
275,8479425.0,Filip Hronek,8.612982951204202
628,8481582.0,Nicholas Robertson,8.583135346956327
177,8476278.0,Colin Blackwell,8.486411231457023
531,8475220.0,Marcus Foligno,8.484595599488406
796,8476906.0,Shayne Gostisbehere,8.45620962906892
40,8479423.0,Alexander Nylander,8.44210196956918
664,8480220.0,Noah Cates,8.440608074211783
480,8471724.0,Kris Letang,8.373700059829185
855,8477353.0,Tyler Motte,8.285128718652
643,8481477.0,Nico Sturm,8.261839784480761
625,8475343.0,Nic Dowd,8.259954554833005
292,8478055.0,Gustav Forsling,8.242818415737458
425,8477380.0,Jonny Brodzinski,8.239543642460637
126,8481517.0,Brett Leason,8.232398577314667
812,8479661.0,Tanner Jeannot,8.22089007341898
494,8477070.0,Liam O'Brien,8.210000699317582
515,8476822.0,Luke Glendening,8.156162419571206
31,8474565.0,Alex Pietrangelo,8.120956412115016
665,8480865.0,Noah Dobson,8.107246745514821
620,8479414.0,Nathan Bastian,8.095268553152378
458,8480817.0,K'Andre Miller,8.0500260272494
512,8482117.0,Lukas Reichel,8.034291388690642
319,8476958.0,Jaccob Slavin,8.002193952570325
86,8481481.0,Blake Lizotte,7.993060604675789
138,8473504.0,Cal Clutterbuck,7.971454002580859
465,8478434.0,Keegan Kolesar,7.945876471485432
197,8477508.0,Curtis Lazar,7.936910339503053
785,8476374.0,Sean Kuraly,7.922211446384565
673,8475171.0,Oliver Ekman-Larsson,7.880757704962191
79,8476624.0,Barclay Goodrow,7.86247590167094
256,8480762.0,Eric Robinson,7.84955266125461
917,8476878.0,Zemgus Girgensons,7.81915339886968
133,8482122.0,Brock Faber,7.784598016667261
516,8482684.0,Luke Hughes,7.674007925197528
566,8478911.0,Matt Roy,7.672422264768604
338,8476885.0,Jacob Trouba,7.664654653917676
181,8476892.0,Colton Parayko,7.623296705453487
456,8481704.0,Juuso Parssinen,7.609435636267413
683,8482671.0,Owen Power,7.561986581945642
252,8480205.0,Emil Bemstrom,7.538738325892409
873,8478042.0,Viktor Arvidsson,7.516754944746351
519,8480025.0,MacKenzie Entwistle,7.471734970655475
310,8480806.0,Isac Lundestrom,7.466602236019385
908,8470610.0,Zach Parise,7.456922857357646
669,8478569.0,Noel Acciari,7.456290841696838
867,8481703.0,Valtteri Puustinen,7.430587233521446
624,8480145.0,Neal Pionk,7.423315108373459
698,8481522.0,Peyton Krebs,7.349640290996478
819,8478469.0,Thomas Chabot,7.340283615744632
538,8476873.0,Mark Jankowski,7.298535012433184
234,8474563.0,Drew Doughty,7.217331051054575
325,8482097.0,Jack Quinn,7.162358714007882
618,8481542.0,Moritz Seider,7.132883461606195
281,8477919.0,Frederick Gaudreau,7.05642298056251
222,8478585.0,Derek Ryan,7.019998665417901
12,8476457.0,Adam Larsson,7.016358166955399
296,8476854.0,Hampus Lindholm,7.0153244856189385
451,8475753.0,Justin Faulk,7.004664530635738
241,8482077.0,Dylan Holloway,6.966181602722179
1,8477932.0,Aaron Ekblad,6.903951061858923
264,8476902.0,Esa Lindell,6.891643522820323
711,8480995.0,Pontus Holmberg,6.89026929469058
362,8476467.0,Jamie Oleksiak,6.84240095336391
600,8474884.0,Mike Hoffman,6.8212165169425045
841,8481533.0,Trevor Zegras,6.793503884151873
700,8481577.0,Philip Tomasino,6.695101594626355
848,8480848.0,Ty Dellandrea,6.643178018032102
554,8479671.0,Mathieu Olivier,6.549273726060306
743,8477846.0,Ryan Carpenter,6.482488767653403
94,8479383.0,Boris Katchouk,6.475187620479922
750,8479066.0,Ryan Lomberg,6.474901050655816
0,8478421.0,A.J. Greer,6.459252085587715
417,8476463.0,Jonas Brodin,6.435997539064648
687,8474034.0,Pat Maroon,6.42884269109166
299,8482148.0,Hendrix Lapierre,6.42462127216648
804,8477947.0,Sonny Milano,6.317339004319793
147,8475764.0,Cam Fowler,6.314368862678111
797,8477447.0,Shea Theodore,6.306191238983945
561,8476856.0,Matt Dumba,6.2962325689813134
128,8477488.0,Brett Pesce,6.280306402202087
874,8478407.0,Vince Dunn,6.243475205776743
818,8482133.0,Thomas Bordeleau,6.224280427354748
384,8478468.0,Jeremy Lauzon,6.222742780764636
644,8477979.0,Nicolas Aube-Kubel,6.164841854842574
405,8481556.0,John Beecher,6.098552221153775
404,8479315.0,Joey Anderson,6.045602509034213
354,8480880.0,Jakub Lauko,5.993256692805676
655,8478859.0,Niko Mikkola,5.940141700154891
559,8482679.0,Matt Coronato,5.838902781440868
403,8481641.0,Joel Kiviranta,5.828132249010993
704,8476858.0,Phillip Di Giuseppe,5.815047032718284
602,8476422.0,Mike Reilly,5.7981547687049355
43,8478851.0,Alexandre Carrier,5.761219634072851
168,8476879.0,Cody Ceci,5.709239117260216
347,8478136.0,Jake Middleton,5.705378349167829
695,8483490.0,Pavel Mintyukov,5.639760932471934
871,8478109.0,Victor Olofsson,5.639504956183489
82,8475279.0,Ben Chiarot,5.586441007202871
539,8480355.0,Mark Kastelic,5.5863207252239695
446,8477473.0,Justin Bailey,5.568556630997253
454,8474602.0,Justin Schultz,5.521488421983983
717,8481093.0,Rafael Harvey-Pinard,5.500603885667303
563,8474709.0,Matt Martin,5.482047648890347
479,8480011.0,Klim Kostin,5.453600313282299
302,8477392.0,Hudson Fasching,5.40467219375707
356,8478970.0,Jalen Chatfield,5.364147385713452
386,8480003.0,Jesper Boqvist,5.331044719112087
21,8479718.0,Alex Barre-Boulet,5.3163708495441115
99,8482073.0,Braden Schneider,5.279761001255352
209,8478178.0,Darren Raddysh,5.257063511277668
314,8478500.0,Ivan Provorov,5.249177508633245
202,8476923.0,Damon Severson,5.236102927793663
535,8479983.0,Mario Ferraro,5.233443199047128
533,8477969.0,Marcus Pettersson,5.220848087653687
856,8474574.0,Tyler Myers,5.212200964468839
315,8482655.0,J.J. Moser,5.206448749263773
260,8476979.0,Erik Gustafsson,5.182694949892785
448,8479638.0,Justin Brazeau,5.180358107643
71,8482245.0,Artem Zub,5.15154624478116
42,8481014.0,Alexander Romanov,5.141338378906814
193,8477839.0,Conor Sheary,5.141015493050802
350,8478013.0,Jake Walman,5.05108324580336
881,8478882.0,Vladislav Gavrikov,5.019472549248624
760,8470600.0,Ryan Suter,4.97829939741451
603,8479998.0,Mikey Anderson,4.971907933779304
55,8471699.0,Andrew Cogliano,4.960285272738636
257,8480073.0,Erik Brannstrom,4.956355854846329
653,8477507.0,Nikita Zadorov,4.949835118375294
228,8475179.0,Dmitry Kulikov,4.934822929497524
751,8474151.0,Ryan McDonagh,4.929377492646176
471,8478099.0,Kevin Labanc,4.8935750908860065
457,8479976.0,Juuso Valimaki,4.869424656555372
442,8482749.0,Joshua Roy,4.858472625035678
715,8482241.0,Radim Zohorna,4.8184231966079185
411,8478507.0,John Marino,4.816738326735265
636,8475181.0,Nick Leddy,4.816456395470037
740,8477527.0,Ross Johnston,4.814435694271252
461,8482087.0,Kaiden Guhle,4.809813630756308
723,8480873.0,Rasmus Sandin,4.7795892216695055
171,8480252.0,Cole Guttman,4.779427544017089
645,8475235.0,Nicolas Deslauriers,4.776699827605531
466,8482660.0,Kent Johnson,4.758151624818279
724,8481147.0,Reese Johnson,4.751876902377113
887,8478840.0,Will Borgen,4.749735416170466
142,8480884.0,Calen Addison,4.706452172751027
313,8483491.0,Ivan Miroshnichenko,4.683263391067906
226,8479346.0,Dillon Dube,4.674540353753744
807,8478904.0,Steven Lorentz,4.644129893155294
863,8479370.0,Tyson Jost,4.624336728574633
590,8480891.0,Michael Kesselring,4.599111633327853
185,8477365.0,Connor Clifton,4.584754418715254
282,8478028.0,Fredrik Olofsson,4.582808658848865
776,8479398.0,Samuel Girard,4.580979426580394
104,8478443.0,Brandon Carlo,4.571407284167325
112,8475188.0,Brayden McNabb,4.515868709438456
346,8476931.0,Jake McCabe,4.465970649425001
125,8476967.0,Brett Kulak,4.453916373075153
96,8481524.0,Bowen Byram,4.41651280194469
741,8478078.0,Rourke Chartier,4.395141989855416
335,8479439.0,Jacob MacDonald,4.385631922894444
646,8479980.0,Nicolas Hague,4.374852835647365
447,8482111.0,Justin Barron,4.368405561527337
803,8483495.0,Simon Nemec,4.36820039129756
331,8481605.0,Jackson LaCombe,4.314893854602409
756,8477506.0,Ryan Pulock,4.259168165150504
757,8471817.0,Ryan Reaves,4.20250973534045
878,8479968.0,Vinni Lettieri,4.196154259501842
88,8480870.0,Bo Groulx,4.173188297525198
433,8481606.0,Jordan Spence,4.161058419690473
635,8475324.0,Nick Jensen,4.15868852385107
749,8479324.0,Ryan Lindgren,4.147069802265667
14,8476917.0,Adam Pelech,4.108740852167599
622,8477573.0,Nathan Walker,4.069405227975319
382,8473507.0,Jeff Petry,4.053981206862028
772,8478104.0,Sammy Blais,4.0528109318638625
35,8481568.0,Alex Vlasic,4.0416286176124485
619,8477220.0,Nate Schmidt,3.964927463670192
323,8471677.0,Jack Johnson,3.9407200785945564
676,8480245.0,Olle Lycksell,3.9207146316401182
239,8476331.0,Dylan DeMelo,3.8768276893184703
766,8474040.0,Sam Gagner,3.860812693234735
706,8477930.0,Pierre-Edouard Bellemare,3.8147216022078085
571,8483505.0,Matthew Poitras,3.786031842274249
164,8477989.0,Christian Dvorak,3.7859295848047387
631,8474009.0,Nick Bonino,3.7513686695774586
857,8475752.0,Tyler Pitlick,3.732420040601546
611,8482070.0,Mitchell Chaffee,3.730667082338496
846,8479442.0,Troy Stecher,3.7287846928822774
884,8482652.0,Walker Duehr,3.723031229051708
341,8479402.0,Jake Bean,3.7061720113903847
392,8481058.0,Jesse Ylonen,3.686223070084647
543,8480796.0,Martin Fehervary,3.6798389579222572
637,8480246.0,Nick Perbix,3.6675593946678946
660,8482496.0,Nils Aman,3.665408528699404
300,8480035.0,Henri Jokiharju,3.6587500948075014
861,8475197.0,Tyson Barrie,3.651226763563029
473,8474031.0,Kevin Shattenkirk,3.63652233620106
51,8476960.0,Andreas Athanasiou,3.6291485439337072
120,8474090.0,Brendan Smith,3.6275576455787166
716,8475462.0,Radko Gudas,3.6231488810439503
593,8479543.0,Michael Pezzetta,3.6132031289170747
482,8477335.0,Kyle Burroughs,3.588541300845185
595,8475958.0,Michael Sgarbossa,3.581827950249261
470,8483466.0,Kevin Korchinski,3.5761941174001795
639,8476372.0,Nick Seeler,3.5748630164494037
130,8475208.0,Brian Dumoulin,3.56155235502191
828,8477931.0,Tomas Nosek,3.5549703393642473
121,8475455.0,Brenden Dillon,3.51180955901931
210,8481019.0,David Gustafsson,3.5096749011801203
675,8480789.0,Oliver Wahlstrom,3.4418746059907734
484,8481237.0,Kyle MacLean,3.374928001710204
364,8480172.0,Jan Rutta,3.3305837276661854
691,8479339.0,Patrik Laine,3.2984351657013637
444,8479328.0,Julien Gauthier,3.297099219546362
413,8480192.0,Johnathan Kovacevic,3.294250754174814
47,8482109.0,Alexis Lafrenire,3.2894201360427653
824,8480043.0,Timothy Liljegren,3.2804642978200707
244,8480049.0,Dylan Samberg,3.2674549421902106
3,8480871.0,Adam Boqvist,3.256926706208584
528,8471709.0,Marc-Edouard Vlasic,3.240798247037534
905,8474567.0,Zach Bogosian,3.2340169288166605
562,8476891.0,Matt Grzelcyk,3.2249469793896473
810,8474673.0,TJ Brodie,3.222268768336204
370,8479994.0,Jaret Anderson-Dolan,3.2030742942548276
662,8480878.0,Nils Lundkvist,3.194718429214368
416,8479981.0,Jonah Gadjovich,3.183542885040152
206,8479371.0,Dante Fabbro,3.1809356659239687
745,8477435.0,Ryan Graves,3.1720526521584644
119,8477962.0,Brendan Lemieux,3.15700762272988
518,8474568.0,Luke Schenn,3.15128316447467
215,8475233.0,David Savard,3.140578620736257
355,8477944.0,Jakub Vrana,3.1403513114188146
118,8476867.0,Brendan Gaunce,3.086983004731572
437,8482659.0,Josh Doan,3.07131431340087
75,8478512.0,Austin Czarnik,3.064879402028126
914,8482737.0,Zack Bolduc,3.0475733401406115
236,8478211.0,Dryden Hunt,3.0405058573268846
83,8477018.0,Ben Hutton,3.025221654026469
15,8480008.0,Adam Ruzicka,3.0059516912753077
304,8474013.0,Ian Cole,2.9899188328847024
287,8479379.0,Givani Smith,2.969941750877335
18,8474166.0,Alec Martinez,2.9601507815359485
842,8477845.0,Trevor van Riemsdyk,2.947380361493554
911,8480727.0,Zach Whitecloud,2.920693790150393
681,8479546.0,Oskar Steen,2.8986961189545175
604,8479410.0,Mikhail Sergachev,2.894588971567024
570,8479547.0,Matthew Phillips,2.8925049796381734
418,8480007.0,Jonas Rondbjerg,2.8791561197817206
306,8480950.0,Ilya Lyubushkin,2.8755665543981155
547,8482511.0,Mason Lohrei,2.874819471318507
652,8481537.0,Nikita Okhotiuk,2.8696713144157924
419,8478399.0,Jonas Siegenthaler,2.8150206073402013
204,8482624.0,Daniil Miromanov,2.7880627209458226
909,8477482.0,Zach Sanford,2.786284372400913
259,8475790.0,Erik Gudbranson,2.7825102140693883
161,8475690.0,Chris Tanev,2.7640743480206127
162,8476919.0,Chris Tierney,2.7370395003749772
367,8478424.0,Jansen Harkins,2.7085428962288685
821,8482116.0,Tim Sttzle,2.698793359399441
467,8480860.0,Kevin Bahl,2.6706120195835354
674,8478430.0,Oliver Kylington,2.6601351420346058
113,8481167.0,Brayden Pachal,2.6520052048643747
399,8476441.0,Joel Edmundson,2.635401630590265
232,8476462.0,Dougie Hamilton,2.628852066582342
361,8482142.0,Jamie Drysdale,2.5958896050707514
262,8473446.0,Erik Johnson,2.5874402340276497
610,8478483.0,Mitch Marner,2.587127154918591
415,8475750.0,Jon Merrill,2.5744147650505282
201,8477541.0,Dakota Mermis,2.559441566079914
134,8476934.0,Brock McGinn,2.5446196280830926
301,8481567.0,Henry Thrun,2.5390698643970495
249,8481178.0,Egor Zamula,2.5371672928110565
677,8476874.0,Olli Maatta,2.5286471244001953
831,8477950.0,Tony DeAngelo,2.5271521932074434
145,8475177.0,Calvin de Haan,2.5030783328315054
530,8474618.0,Marco Scandella,2.5017907309948217
868,8481617.0,Vasily Podkolzin,2.4418904593613284
357,8480468.0,James Hamblin,2.4393744247285136
178,8476525.0,Colin Miller,2.4253762590672863
721,8480845.0,Rasmus Kupari,2.4177925004666063
258,8478416.0,Erik Cernak,2.4135001942183907
472,8479291.0,Kevin Rooney,2.396362728279282
864,8480001.0,Urho Vaakanainen,2.3938079227731066
179,8478400.0,Colin White,2.3838503008639527
273,8480078.0,Filip Chytil,2.3248249834971904
78,8479536.0,Axel Jonsson-Fjallby,2.27649661688826
69,8482964.0,Arber Xhekaj,2.258257736222029
722,8477499.0,Rasmus Ristolainen,2.2414489297442146
334,8481422.0,Jacob Lucchini,2.2340282319545226
23,8471274.0,Alex Goligoski,2.213387242364789
116,8482153.0,Brendan Brisson,2.1947267366287484
377,8481593.0,Jayden Struble,2.19459463461521
366,8475825.0,Jani Hakanpaa,2.192670104000148
902,8481708.0,Zac Jones,2.179704136106769
762,8482858.0,Ryker Evans,2.179570731477324
390,8479344.0,Jesse Puljujarvi,2.1628821298487297
789,8480222.0,Sebastian Aho,2.1431806299778806
726,8479514.0,Rem Pitlick,2.123774123257022
309,8482192.0,Isaak Phillips,2.116192629304106
537,8470966.0,Mark Giordano,2.1016357285907796
34,8481532.0,Alex Turcotte,2.062838106200508
671,8482803.0,Olen Zellweger,2.0154431131782524
332,8480879.0,Jacob Bernard-Docker,2.00404086912873
800,8481122.0,Simon Benoit,2.003305079478009
781,8481059.0,Scott Perunovich,1.979905008203155
224,8476913.0,Devin Shore,1.9764000613771386
328,8480021.0,Jack Studnicka,1.9317622731100401
564,8476442.0,Matt Nieto,1.9313459676671907
294,8480184.0,Gustav Lindstrom,1.9184927859310053
152,8477369.0,Carson Soucy,1.894378207526167
230,8476952.0,Dominic Toninato,1.8852467987757577
395,8484314.0,Jiri Smejkal,1.8845708243774904
565,8482460.0,Matt Rempe,1.8818010351191399
875,8479576.0,Vincent Desharnais,1.8796913708024954
834,8478408.0,Travis Dermott,1.8784866741183939
879,8476994.0,Vinnie Hinostroza,1.872032536028813
219,8478495.0,Denis Gurianov,1.8479687642316038
436,8477384.0,Josh Brown,1.846764931822245
511,8480843.0,Lukas Dostal,1.841589366731795
429,8480887.0,Jordan Harris,1.8403359393775434
218,8480990.0,Declan Chisholm,1.8325108345978824
487,8482172.0,Landon Slaggert,1.8307860910829814
641,8473563.0,Nicklas Backstrom,1.8296411186456703
190,8476473.0,Connor Murphy,1.8224147473389163
708,8480058.0,Pierre-Olivier Joseph,1.7826906755515304
265,8478451.0,Ethan Bear,1.7778601151188032
52,8477971.0,Andreas Englund,1.7437815295890704
835,8474612.0,Travis Hamonic,1.7397907442619265
668,8478454.0,Noah Juulsen,1.7171405602821062
575,8480807.0,Mattias Samuelsson,1.6842442198996947
893,8479367.0,William Lockwood,1.6765017775769058
111,8482730.0,Brandt Clarke,1.6664322253953292
915,8479772.0,Zack MacEwen,1.657700782843522
814,8475791.0,Taylor Hall,1.6255994190840626
885,8484325.0,Waltteri Merela,1.612303073164293
798,8480776.0,Sheldon Rempal,1.6019752921343045
481,8477073.0,Kurtis MacDermid,1.5993712799010513
551,8479972.0,Mason Shaw,1.5802123458341653
795,8483524.0,Shane Wright,1.5801069897415052
568,8482516.0,Matthew Kessel,1.5742830816841527
779,8476429.0,Scott Mayfield,1.5696960526765993
5,8477454.0,Adam Erne,1.5659042533362728
211,8483460.0,David Jiricek,1.5619313163524366
58,8479369.0,Andrew Peeke,1.5138698723883806
748,8481564.0,Ryan Johnson,1.5105018966723265
358,8482744.0,James Malatesta,1.5053043264495443
84,8483570.0,Ben Meyers,1.4856614382044366
137,8475278.0,Byron Froese,1.4817402573113596
527,8471686.0,Marc Staal,1.47048387281122
76,8475766.0,Austin Watson,1.4462961739909217
833,8476329.0,Travis Boyd,1.4407203565738564
369,8474716.0,Jared Spurgeon,1.4092347135406709
221,8475762.0,Derek Forbort,1.405190997079328
865,8484304.0,Uvis Balinskis,1.3774541109560137
599,8482451.0,Mikael Pyyhtia,1.358141685077361
410,8481206.0,John Ludvig,1.3449732842540807
768,8484258.0,Sam Malinski,1.3407968450879977
194,8479982.0,Conor Timmins,1.3359958886727066
460,8481527.0,Kaedan Korczak,1.2890232851127692
156,8477244.0,Chad Ruhwedel,1.2846608867394145
59,8481065.0,Angus Crookshank,1.272692991872318
298,8477938.0,Haydn Fleury,1.268861696976537
774,8481541.0,Samuel Bolduc,1.2684375431209918
654,8479458.0,Nikita Zaitsev,1.257431005174908
843,8480441.0,Trey Fix-Wolansky,1.2521283453005299
438,8479372.0,Josh Mahura,1.242729048657583
686,8478450.0,Parker Wotherspoon,1.2238385853133995
29,8479423.0,Alex Nylander,1.2203274142557794
220,8478502.0,Dennis Gilbert,1.1705833825750134
633,8480084.0,Nick DeSimone,1.1583278884720138
496,8481024.0,Linus Karlsson,1.1576331982923183
503,8479378.0,Logan Stanley,1.1532989067691262
737,8481521.0,Ronnie Attard,1.1499630290825726
95,8481524.0,Bowen  Byram,1.1442355730898177
906,8482784.0,Zach Dean,1.1436244761172805
420,8481013.0,Jonatan Berggren,1.133764193466164
648,8481543.0,Nikita Alexandrov,1.1185789274593294
524,8482177.0,Marat Khusnutdinov,1.1120400078859662
371,8475797.0,Jarred Tinordi,1.0968961668057113
493,8480853.0,Liam Foudy,1.0959615622532037
151,8480292.0,Carson Meyer,1.092578137967705
432,8477851.0,Jordan Oesterle,1.0690969233422383
849,8480834.0,Ty Emberson,1.0625893801941544
550,8481462.0,Mason Morelli,1.0490465382426304
103,8482061.0,Brandon Biro,1.0442745149515036
583,8478051.0,Max Willman,1.0260897050293951
141,8478452.0,Caleb Jones,1.022460063389539
402,8477810.0,Joel Hanley,1.021480365548611
844,8477465.0,Tristan Jarry,1.0124774412742472
892,8478021.0,William Lagesson,0.9941350554782327
172,8481043.0,Cole Koepke,0.9891467531871253
64,8478409.0,Anthony Richard,0.9824531713672762
626,8477464.0,Nic Petan,0.9793913057124095
376,8477034.0,Jaycob Megna,0.9784301072590733
180,8484911.0,Collin Graf,0.9555987770064647
613,8478477.0,Mitchell Stephens,0.9539790575905281
163,8475780.0,Chris Wagner,0.920312147850185
2,8481550.0,Adam Beckman,0.8993147487649489
106,8479330.0,Brandon Gignac,0.8656398901475211
805,8481056.0,Spencer Stastney,0.8570148426741443
522,8482713.0,Mackie Samoskevich,0.8540605856096296
896,8482176.0,Wyatt Kaiser,0.8513454923562443
536,8478017.0,Mark Friedman,0.8510756911595848
608,8483597.0,Milos Kelemen,0.835817036015881
500,8483012.0,Logan Morrison,0.8351606346723636
761,8482751.0,Ryan Winterton,0.8317905803894541
37,8480823.0,Alexander Alexeyev,0.8311977670481576
801,8482762.0,Simon Edvinsson,0.7900947929642641
352,8481592.0,Jakob Pelletier,0.7856637147451468
408,8475906.0,John Klingberg,0.7802840481196784
732,8474145.0,Robert Bortuzzo,0.7687859314317613
17,8480851.0,Akil Thomas,0.7554898060642999
775,8481239.0,Samuel Fagemo,0.737197678725118
730,8479362.0,Riley Tufte,0.7260979368185293
452,8475718.0,Justin Holl,0.7210927000314926
422,8480836.0,Jonathan Gruden,0.7005207210386999
255,8482929.0,Emil Martinsen Lilleberg,0.6991801418783591
513,8481751.0,Lukas Rousek,0.695322930837908
495,8483499.0,Liam Ohgren,0.6852407523494498
651,8481754.0,Nikita Nesterenko,0.6835261115163193
254,8482929.0,Emil Lilleberg,0.6834549665619138
735,8482162.0,Roby Jarventie,0.682114868354095
913,8477482.0,Zachary Sanford,0.6791156858549735
498,8474053.0,Logan Couture,0.6697891708355237
504,8478011.0,Louie Belpedio,0.6634659529949469
311,8482765.0,Isak Rosen,0.6626238911307919
758,8478854.0,Ryan Shea,0.6617469970618809
199,8482094.0,Daemon Hunt,0.6600686875433174
567,8478146.0,Matthew Highmore,0.658134526999118
765,8482118.0,Sam Colangelo,0.6537499234514265
860,8481006.0,Tyler Tucker,0.6444462409987016
278,8483493.0,Frank Nazar,0.617832387140311
4,8481726.0,Adam Edstrom,0.6136493205734526
793,8480032.0,Shane Bowers,0.5967324154145824
291,8480844.0,Grigori Denisenko,0.5942110380463385
777,8481701.0,Santeri Hatakka,0.5862261382106833
333,8480196.0,Jacob Bryson,0.5770760085856285
280,8483489.0,Fraser Minten,0.5755238806441505
845,8483482.0,Tristan Luneau,0.5675411720230802
525,8481743.0,Marc Del Gaizo,0.5640885619384717
205,8482101.0,Danil Gushchin,0.5341964830834627
630,8483565.0,Nick Blankenburg,0.5279016650541238
688,8477887.0,Patrick Brown,0.5247251214313403
697,8483630.0,Pavol Regenda,0.5240477250096989
557,8476988.0,Matt Benning,0.520018634101509
20,8479718.0,Alex Barr-Boulet,0.48438790798994685
308,8482470.0,Ilya Solovyov,0.4777342816665567
670,8481518.0,Nolan Foote,0.4772362921106144
585,8481719.0,Maxwell Crozier,0.46460631641849853
578,8480031.0,Max Comtois,0.4556218763980422
303,8481070.0,Hugh McGing,0.43947334295632884
336,8479421.0,Jacob Moverare,0.43897065726252443
337,8480216.0,Jacob Peterson,0.43426745114829945
342,8481161.0,Jake Christiansen,0.4329761767949926
305,8480070.0,Ian Mitchell,0.4311505639763676
122,8482747.0,Brennan Othmann,0.41592547228891297
327,8481030.0,Jack St. Ivany,0.40963390585942333
373,8484255.0,Jason Polin,0.39212551942140983
916,8482859.0,Zack Ostapchuk,0.3889841425721708
709,8483920.0,Pierrick Dube,0.38494153572801204
679,8484259.0,Ondrej Pavel,0.3782462855373313
505,8481806.0,Louis Crevier,0.37069151999554173
11,8483609.0,Adam Klapka,0.3652430125952884
450,8475413.0,Justin Dowling,0.35470393700722014
577,8482145.0,Mavrik Bourque,0.35397679830414774
718,8481534.0,Raphael Lavoie,0.35386555173709633
100,8484203.0,Bradly Nadeau,0.33183528412380986
70,8483395.0,Arshdeep Bains,0.32565779498579805
521,8476907.0,Mackenzie MacEachern,0.3243722744035006
508,8479321.0,Lucas Johansen,0.3194099978267327
510,8482141.0,Lukas Cormier,0.3083776408436762
289,8481578.0,Graeme Clarke,0.29086331792546033
584,8481679.0,Maxence Guenette,0.2859455987702336
854,8482095.0,Tyler Kleven,0.2847816835984133
286,8483567.0,Georgii Merkulov,0.28449595880809175
297,8479522.0,Hardy Haman Aktell,0.281413732695876
330,8482809.0,Jackson Blake,0.2780735827342463
391,8481058.0,Jesse Ylnen,0.26918646517229755
144,8480157.0,Calle Rosen,0.2682941698366422
534,8480226.0,Marian Studenic,0.2567731694948441
380,8482147.0,Jean-Luc Foudy,0.25292623747591
32,8482634.0,Alex Steeves,0.25252085846137157
656,8481812.0,Nikolai Knyzhov,0.25173793817713713
409,8481077.0,John Leonard,0.25092137278433163
174,8481655.0,Cole Schwindt,0.24425587951330877
488,8483457.0,Lane Hutson,0.2415348128086543
476,8481523.0,Kirby Dach,0.23032186887497932
293,8480184.0,Gustav Lindstrm,0.2261638565274955
780,8482666.0,Scott Morrow,0.2187777866534401
699,8481598.0,Philip Broberg,0.21779986427643377
733,8477462.0,Robert Hagg,0.21623053486665578
365,8475825.0,Jani Hakanp,0.21400122254239576
131,8483531.0,Brian Halonen,0.21098958943308133
649,8482787.0,Nikita Chibrikov,0.20596787279723414
97,8483471.0,Brad Lambert,0.20440622078961132
506,8483432.0,Luca Del Bel Belluz,0.2023076614457548
702,8479026.0,Philippe Myers,0.2016151491068596
507,8483549.0,Lucas Condotta,0.19975437935401996
882,8481609.0,Vladislav Kolyachonok,0.19330281802683347
248,8481585.0,Egor Afanasyev,0.18645450218199044
198,8483445.0,Cutter Gauthier,0.18476256097188032
92,8478147.0,Bokondji Imama,0.18356169397491548
340,8474596.0,Jake Allen,0.18089024588363883
782,8477149.0,Scott Sabourin,0.17996105650002414
903,8479944.0,Zach Aston-Reese,0.1782149304469087
526,8483397.0,Marc McLaughlin,0.17658190841139693
253,8482476.0,Emil Heineman,0.17364446928410315
792,8482166.0,Shakir Mukhamadullin,0.17296205993486877
426,8479533.0,Joona Koppanen,0.17256523189477246
9,8480874.0,Adam Ginning,0.15436925454870506
455,8482088.0,Justin Sourdif,0.15406010499228653
876,8482861.0,Vincent Iorio,0.15398008737276242
773,8480267.0,Sammy Walker,0.15381129052620923
385,8480280.0,Jeremy Swayman,0.1410173218883707
499,8482733.0,Logan Mailloux,0.13677753371264903
284,8482201.0,Gage Goncalves,0.1286697341130286
363,8480890.0,Jan Jenik,0.1280805160336633
329,8482144.0,Jack Thompson,0.12552246527840877
742,8481016.0,Ruslan Iskhakov,0.12549531625405513
463,8479348.0,Kale Clague,0.1242006636590843
453,8477993.0,Justin Kirkland,0.11989384943512629
127,8479419.0,Brett Murray,0.11955804211381978
223,8476884.0,Derrick Pouliot,0.10322585823599954
129,8478881.0,Brett Seney,0.0992721319045148
898,8482165.0,Yan Kuznetsov,0.09873743739373839
41,8475755.0,Alexander Petrovic,0.09656061221356516
8,8478874.0,Adam Gaudette,0.09346641026296885
243,8475795.0,Dylan McIlrath,0.08914166899188353
378,8477126.0,Jayson Megna,0.08335243059484043
288,8478446.0,Glenn Gawdin,0.07785235728767419
769,8481591.0,Sam Poulin,0.07306704746989139
606,8473473.0,Milan Lucic,0.0620464997393782
237,8479639.0,Dylan Coghlan,0.05928649509164331
869,8482102.0,Vasily Ponomarev,0.05885847635256939
523,8483763.0,Maksymilian Szuber,0.0507620341932425
872,8481599.0,Victor Soderstrom,0.049055511576199425
659,8484321.0,Nikolas Matinpalo,0.045178908670481785
139,8479985.0,Cale Fleury,0.04479468744481663
912,8482737.0,Zachary Bolduc,0.04312076588573095
276,8483619.0,Filip Roos,0.043027094922300904
542,8483546.0,Marshall Rifai,0.041354085162822865
851,8481690.0,Tyler Angle,0.04119204641719342
680,8482712.0,Oskar Olausson,0.04016390708225574
407,8477401.0,John Hayden,0.03665038335974457
825,8481600.0,Tobias Bjornfot,0.0354506517837006
394,8483468.0,Jiri Kulich,0.03192726524350368
149,8480075.0,Cameron Crotty,0.030278354601390035
217,8483398.0,Declan Carlile,0.0267105020166552
729,8474062.0,Riley Nash,0.025004878933625845
187,8482067.0,Connor Mackey,0.020049787963782838
443,8476915.0,Jujhar Khaira,0.01860143718154206
657,8481042.0,Nikolai Kovalenko,0.017806054245823273
690,8484326.0,Patrik Koch,0.016470559880011556
66,8477320.0,Anton Blidh,0.015168478928473573
290,8480306.0,Grant Hutton,0.013181610528856242
65,8476932.0,Anthony Stolarz,0.010253491863210557
581,8479320.0,Max Lajoie,0.008399331778439588
