,shooterPlayerId,shooterName,xG2
907,8475786.0,Zach Hyman,52.06278
77,8479318.0,Auston Matthews,48.731075
213,8477956.0,David Pastrnak,41.95028
770,8477933.0,Sam Reinhart,41.100117
345,8477404.0,Jake Guentzel,41.026203
621,8477492.0,Nathan MacKinnon,39.714104
160,8475184.0,Chris Kreider,39.54466
412,8475166.0,John Tavares,39.242653
572,8479314.0,Matthew Tkachuk,38.83357
877,8476389.0,Vincent Trocheck,37.87293
605,8478420.0,Mikko Rantanen,37.483116
102,8480801.0,Brady Tkachuk,36.625294
274,8476887.0,Filip Forsberg,35.924274
114,8478010.0,Brayden Point,35.036873
132,8478444.0,Brock Boeser,34.26831
188,8478402.0,Connor McDavid,33.671143
650,8476453.0,Nikita Kucherov,33.500637
799,8471675.0,Sidney Crosby,33.19244
72,8478550.0,Artemi Panarin,32.890205
400,8478493.0,Joel Eriksson Ek,32.344627
894,8477939.0,William Nylander,32.219315
477,8478864.0,Kirill Kaprizov,32.124817
895,8482740.0,Wyatt Johnston,32.03331
486,8475151.0,Kyle Palmieri,31.859741
153,8477409.0,Carter Verhaeghe,31.836407
808,8474564.0,Steven Stamkos,30.796762
317,8476468.0,J.T. Miller,30.58432
623,8475172.0,Nazem Kadri,30.576548
49,8475314.0,Anders Lee,30.320456
790,8482093.0,Seth Jarvis,29.96846
268,8475169.0,Evander Kane,29.63469
424,8476539.0,Jonathan Marchessault,29.426382
738,8478449.0,Roope Hintz,29.28544
107,8479542.0,Brandon Hagel,28.600294
840,8479675.0,Trevor Moore,28.550682
693,8477402.0,Pavel Buchnevich,28.47215
98,8473419.0,Brad Marchand,28.455715
251,8480012.0,Elias Pettersson,28.453922
866,8477501.0,Valeri Nichushkin,28.356918
396,8470794.0,Joe Pavelski,28.252464
859,8475726.0,Tyler Toffoli,28.077143
46,8482109.0,Alexis Lafreniere,28.025951
492,8477934.0,Leon Draisaitl,28.017752
387,8479407.0,Jesper Bratt,27.924278
135,8475754.0,Brock Nelson,27.917137
343,8478498.0,Jake DeBrusk,27.780249
788,8478427.0,Sebastian Aho,27.52962
89,8477500.0,Bo Horvat,27.1818
170,8481540.0,Cole Caufield,27.033735
483,8478398.0,Kyle Connor,26.883816
558,8481557.0,Matt Boldy,26.859762
321,8478403.0,Jack Eichel,26.70058
754,8475158.0,Ryan O'Reilly,26.327549
136,8475810.0,Bryan Rust,26.199305
786,8477497.0,Sean Monahan,26.135542
19,8477493.0,Aleksander Barkov,25.749817
836,8478439.0,Travis Konecny,25.64403
886,8477998.0,Warren Foegele,25.556149
468,8477942.0,Kevin Fiala,25.554012
430,8479385.0,Jordan Kyrou,25.47683
684,8480015.0,Owen Tippett,25.45699
30,8471214.0,Alex Ovechkin,25.344185
852,8477479.0,Tyler Bertuzzi,25.251463
753,8476454.0,Ryan Nugent-Hopkins,25.025396
560,8475168.0,Matt Duchene,24.91044
374,8480027.0,Jason Robertson,24.854998
22,8479337.0,Alex DeBrincat,24.751362
242,8477946.0,Dylan Larkin,24.374292
642,8480002.0,Nico Hischier,24.347507
763,8477935.0,Sam Bennett,24.275028
360,8473994.0,Jamie Benn,24.270878
322,8481559.0,Jack Hughes,24.200022
16,8477960.0,Adrian Kempe,24.04208
33,8477949.0,Alex Tuch,23.940245
544,8480039.0,Martin Necas,23.913551
279,8478366.0,Frank Vatrano,23.90033
811,8479420.0,Tage Thompson,23.853605
540,8476460.0,Mark Scheifele,23.78444
826,8476880.0,Tom Wilson,23.302578
427,8474586.0,Jordan Eberle,23.21671
858,8475794.0,Tyler Seguin,23.215673
158,8475745.0,Charlie Coyle,23.130178
739,8479525.0,Ross Colton,23.069056
167,8479343.0,Clayton Keller,23.004908
85,8476399.0,Blake Coleman,22.992416
238,8481528.0,Dylan Cozens,22.96324
233,8480208.0,Drake Batherson,22.764566
269,8471215.0,Evgeni Malkin,22.75967
318,8482175.0,JJ Peterka,22.630651
596,8476459.0,Mika Zibanejad,22.5734
272,8480188.0,Fabian Zetterlund,22.367887
696,8478401.0,Pavel Zacha,22.254393
552,8478445.0,Mathew Barzal,22.234247
250,8477496.0,Elias Lindholm,22.211323
368,8477955.0,Jared McCann,22.196127
713,8482124.0,Quinton Byfield,22.191586
245,8478440.0,Dylan Strome,22.18113
823,8478414.0,Timo Meier,22.062275
192,8478856.0,Conor Garland,21.928234
663,8475799.0,Nino Niederreiter,21.756004
10,8474641.0,Adam Henrique,21.651844
548,8478975.0,Mason Marchment,21.43204
383,8475784.0,Jeff Skinner,21.428045
597,8474150.0,Mikael Backlund,21.417847
115,8475170.0,Brayden Schenn,21.384764
54,8480830.0,Andrei Svechnikov,21.221401
891,8476448.0,William Karlsson,21.117804
901,8481068.0,Yegor Sharangovich,21.06459
431,8476921.0,Jordan Martinook,21.028969
235,8482055.0,Drew O'Connor,20.953686
57,8478233.0,Andrew Mangiapane,20.9383
658,8477940.0,Nikolaj Ehlers,20.872353
509,8482078.0,Lucas Raymond,20.800398
348,8482089.0,Jake Neighbours,20.763512
640,8480018.0,Nick Suzuki,20.709385
490,8478474.0,Lawson Crouse,20.668911
359,8474037.0,James van Riemsdyk,20.592077
183,8484144.0,Connor Bedard,20.550879
445,8483515.0,Juraj Slafkovsky,20.446571
182,8476925.0,Colton Sissons,20.400566
629,8475760.0,Nick Bjugstad,20.264668
734,8480023.0,Robert Thomas,20.254704
627,8477426.0,Nicholas Paul,20.20492
607,8477425.0,Miles Wood,20.1875
61,8478519.0,Anthony Cirelli,20.175276
638,8477951.0,Nick Schmaltz,20.143778
13,8476392.0,Adam Lowry,20.073904
93,8476432.0,Boone Jenner,20.07233
261,8475287.0,Erik Haula,19.994041
727,8476483.0,Rickard Rakell,19.95568
587,8478047.0,Michael Bunting,19.835173
822,8482116.0,Tim Stutzle,19.748417
529,8482079.0,Marco Rossi,19.709656
140,8480069.0,Cale Makar,19.616053
189,8481580.0,Connor McMichael,19.559591
227,8481716.0,Dmitri Voronkov,19.459505
435,8476981.0,Josh Anderson,19.369051
312,8477964.0,Ivan Barbashev,19.336674
899,8476826.0,Yanni Gourde,19.23125
295,8474679.0,Gustav Nyquist,19.220684
478,8480893.0,Kirill Marchenko,19.174696
267,8478542.0,Evan Rodrigues,19.009356
307,8481624.0,Ilya Mikheyev,18.974285
74,8477476.0,Artturi Lehkonen,18.94802
109,8476438.0,Brandon Saad,18.928904
827,8476881.0,Tomas Hertl,18.666239
401,8480797.0,Joel Farabee,18.634998
634,8473422.0,Nick Foligno,18.57125
847,8478873.0,Troy Terry,18.484829
783,8476461.0,Sean Couturier,18.481024
806,8476474.0,Stefan Noesen,18.426296
434,8473533.0,Jordan Staal,18.396357
746,8477451.0,Ryan Hartman,18.390627
725,8475191.0,Reilly Smith,18.311405
283,8480014.0,Gabriel Vilardi,18.290777
707,8479400.0,Pierre-Luc Dubois,18.251482
710,8480459.0,Pius Suter,18.203884
247,8480185.0,Eetu Luostarinen,18.102106
514,8482146.0,Luke Evangelista,18.058104
67,8482113.0,Anton Lundell,17.870792
569,8482720.0,Matthew Knies,17.844324
26,8473986.0,Alex Killorn,17.818254
27,8482155.0,Alex Laferriere,17.711699
661,8481535.0,Nils Hoglander,17.707857
809,8471698.0,T.J. Oshie,17.671507
53,8483808.0,Andrei Kuzmenko,17.611746
62,8477407.0,Anthony Duclair,17.595922
672,8477416.0,Oliver Bjorkstrand,17.594748
117,8475848.0,Brendan Gallagher,17.594397
736,8474600.0,Roman Josi,17.588203
489,8474189.0,Lars Eller,17.452042
862,8482159.0,Tyson Foerster,17.406237
421,8477494.0,Jonathan Drouin,17.369938
216,8482110.0,Dawson Mercer,17.280697
703,8476479.0,Phillip Danault,17.253117
146,8474715.0,Cam Atkinson,17.201063
375,8475722.0,Jason Zucker,17.190374
612,8478483.0,Mitchell Marner,17.188604
24,8480113.0,Alex Iafallo,17.095499
647,8478462.0,Nicolas Roy,17.047935
175,8482705.0,Cole Sillinger,17.035107
393,8476918.0,Jimmy Vesey,16.947674
155,8479999.0,Casey Mittelstadt,16.850657
817,8476882.0,Teuvo Teravainen,16.850386
890,8482667.0,William Eklund,16.846188
423,8476456.0,Jonathan Huberdeau,16.819094
166,8473512.0,Claude Giroux,16.80568
838,8479365.0,Trent Frederic,16.774643
555,8481711.0,Matias Maccelli,16.76787
414,8476346.0,Johnny Gaudreau,16.690878
497,8483431.0,Logan Cooley,16.593227
246,8480009.0,Eeli Tolvanen,16.332375
68,8471685.0,Anze Kopitar,16.29889
316,8477456.0,J.T. Compher,16.160755
897,8478508.0,Yakov Trenin,16.15406
200,8478057.0,Dakota Joshua,16.105196
25,8477021.0,Alex Kerfoot,16.016771
541,8475913.0,Mark Stone,15.944363
880,8475765.0,Vladimir Tarasenko,15.754171
173,8482149.0,Cole Perfetti,15.703798
744,8477987.0,Ryan Donato,15.636227
553,8478472.0,Mathieu Joseph,15.601028
830,8478438.0,Tommy Novak,15.470979
616,8479987.0,Morgan Geekie,15.355238
589,8479591.0,Michael Eyssimont,15.331171
549,8482745.0,Mason McTavish,15.213665
701,8480798.0,Philipp Kurashev,15.202449
778,8476872.0,Scott Laughton,15.178231
207,8478046.0,Danton Heinen,15.123428
389,8480829.0,Jesperi Kotkaniemi,15.076383
594,8479992.0,Michael Rasmussen,14.974897
320,8480835.0,Jack Drury,14.815241
904,8484145.0,Zach Benson,14.811224
615,8480028.0,Morgan Frost,14.771505
888,8482157.0,Will Cuylle,14.730891
556,8475692.0,Mats Zuccarello,14.728043
214,8474102.0,David Perron,14.712809
794,8481596.0,Shane Pinto,14.612756
326,8478458.0,Jack Roslovic,14.580901
576,8482665.0,Matty Beniers,14.557196
176,8482062.0,Cole Smith,14.479752
705,8478115.0,Pierre Engvall,14.286109
339,8475768.0,Jaden Schwartz,14.205306
372,8477450.0,Jason Dickinson,14.198526
469,8475763.0,Kevin Hayes,14.176068
546,8478891.0,Mason Appleton,14.139858
815,8479390.0,Taylor Raddysh,14.072324
45,8480281.0,Alexey Toropchenko,13.930891
203,8478466.0,Daniel Sprong,13.882414
598,8475798.0,Mikael Granlund,13.871484
277,8480821.0,Filip Zadina,13.820542
720,8480839.0,Rasmus Dahlin,13.796486
579,8477503.0,Max Domi,13.757781
850,8481789.0,Tye Kartye,13.648614
689,8474141.0,Patrick Kane,13.577018
48,8481656.0,Aliaksei Protas,13.510222
752,8480802.0,Ryan McLeod,13.4997015
712,8480800.0,Quinn Hughes,13.495342
883,8476480.0,Vladislav Namestnikov,13.430555
586,8478020.0,Michael Amadio,13.330954
266,8480803.0,Evan Bouchard,13.289756
60,8478463.0,Anthony Beauvillier,13.261425
63,8477511.0,Anthony Mantha,13.198374
56,8477429.0,Andrew Copp,13.124362
692,8481032.0,Paul Cotter,13.1145525
731,8477952.0,Robby Fabbri,13.0878105
678,8476292.0,Ondrej Palat,13.022136
143,8475714.0,Calle Jarnkrok,12.991644
195,8470621.0,Corey Perry,12.971595
428,8478413.0,Jordan Greenway,12.896092
449,8479941.0,Justin Danforth,12.859494
517,8479316.0,Luke Kunin,12.738715
379,8476419.0,Jean-Gabriel Pageau,12.700983
910,8478460.0,Zach Werenski,12.688879
591,8477446.0,Michael McCarron,12.670973
853,8474870.0,Tyler Johnson,12.661712
573,8475218.0,Mattias Ekholm,12.657399
501,8481186.0,Logan O'Connor,12.589405
196,8475225.0,Craig Smith,12.5367985
285,8477903.0,Garnet Hathaway,12.456009
532,8475149.0,Marcus Johansson,12.419389
485,8473449.0,Kyle Okposo,12.294085
545,8481028.0,Martin Pospisil,12.287368
81,8479359.0,Beck Malenstyn,12.265209
816,8476927.0,Teddy Blueger,12.249155
728,8482092.0,Ridly Greig,12.244113
39,8482125.0,Alexander Holtz,12.098285
440,8477504.0,Josh Morrissey,12.055347
406,8474590.0,John Carlson,12.008842
351,8479345.0,Jakob Chychrun,11.984974
28,8481618.0,Alex Newhook,11.953515
124,8479353.0,Brett Howden,11.929874
398,8476469.0,Joel Armia,11.895891
36,8477505.0,Alex Wennberg,11.892179
441,8480064.0,Josh Norris,11.838261
771,8479351.0,Sam Steel,11.803439
767,8478043.0,Sam Lafferty,11.799256
870,8475167.0,Victor Hedman,11.779004
714,8476889.0,Radek Faksa,11.769074
157,8476905.0,Chandler Stephenson,11.725249
755,8480068.0,Ryan Poehling,11.501899
388,8475855.0,Jesper Fast,11.479454
6,8484166.0,Adam Fantilli,11.432542
491,8484153.0,Leo Carlsson,11.425825
184,8477015.0,Connor Brown,11.361662
270,8474149.0,Evgenii Dadonov,11.307144
839,8473453.0,Trevor Lewis,11.288111
105,8479520.0,Brandon Duhaime,11.223478
108,8477986.0,Brandon Montour,11.202164
694,8481604.0,Pavel Dorofeyev,11.196622
820,8481581.0,Thomas Harley,11.11322
900,8482475.0,Yegor Chinakhov,11.069591
475,8480748.0,Kiefer Sherwood,11.043627
588,8479619.0,Michael Carcone,11.027377
609,8480036.0,Miro Heiskanen,10.967142
829,8475193.0,Tomas Tatar,10.890676
667,8478396.0,Noah Hanifin,10.811652
263,8474578.0,Erik Karlsson,10.809903
632,8476393.0,Nick Cousins,10.783679
397,8480813.0,Joe Veleno,10.76275
459,8481554.0,Kaapo Kakko,10.750319
759,8476458.0,Ryan Strome,10.715569
159,8479325.0,Charlie McAvoy,10.698495
231,8477330.0,Dominik Kubalik,10.694174
7,8479323.0,Adam Fox,10.678706
580,8479368.0,Max Jones,10.659367
837,8477948.0,Travis Sanheim,10.568235
240,8482699.0,Dylan Guenther,10.550948
601,8476875.0,Mike Matheson,10.55074
44,8480074.0,Alexandre Texier,10.509551
208,8477498.0,Darnell Nurse,10.490877
154,8475231.0,Casey Cizikas,10.470785
110,8479293.0,Brandon Tanev,10.434399
91,8482259.0,Bobby McMann,10.425452
617,8476853.0,Morgan Rielly,10.342666
271,8475744.0,Evgeny Kuznetsov,10.214991
381,8470604.0,Jeff Carter,10.158521
191,8482074.0,Connor Zary,10.150878
574,8477406.0,Mattias Janmark,10.073458
464,8477953.0,Kasperi Kapanen,10.072143
614,8480289.0,Morgan Barron,10.06706
225,8478038.0,Devon Toews,10.026888
353,8475164.0,Jakob Silfverberg,9.970844
344,8478133.0,Jake Evans,9.968499
764,8475842.0,Sam Carrick,9.967136
101,8476869.0,Brady Skjei,9.927859
87,8471218.0,Blake Wheeler,9.924681
186,8480980.0,Connor Dewar,9.903233
685,8480448.0,Parker Kelly,9.888872
666,8479393.0,Noah Gregor,9.781464
582,8474157.0,Max Pacioretty,9.673703
169,8479996.0,Cody Glass,9.616659
520,8477346.0,MacKenzie Weegar,9.5866585
531,8475220.0,Marcus Foligno,9.549635
628,8481582.0,Nicholas Robertson,9.53242
73,8481560.0,Arthur Kaliyev,9.5223465
682,8476897.0,Oskar Sundqvist,9.47653
150,8479336.0,Carl Grundstrom,9.469574
123,8470613.0,Brent Burns,9.436426
747,8475793.0,Ryan Johansen,9.421512
177,8476278.0,Colin Blackwell,9.41682
784,8480434.0,Sean Durzi,9.39385
38,8482222.0,Alexander Barabanov,9.320335
462,8479977.0,Kailer Yamamoto,9.268938
324,8480855.0,Jack McBain,9.263638
439,8476312.0,Josh Manson,9.241446
592,8479415.0,Michael McLeod,9.233783
643,8481477.0,Nico Sturm,9.208392
889,8477478.0,William Carrier,9.153779
664,8480220.0,Noah Cates,9.12837
80,8480849.0,Barrett Hayton,9.085826
802,8481601.0,Simon Holmstrom,9.069001
502,8482702.0,Logan Stankoven,9.021544
50,8477444.0,Andre Burakovsky,8.9888115
785,8476374.0,Sean Kuraly,8.881799
719,8478397.0,Rasmus Andersson,8.880662
832,8476792.0,Torey Krug,8.879
474,8478831.0,Kevin Stenlund,8.801588
148,8481546.0,Cam York,8.740319
791,8477495.0,Seth Jones,8.721809
165,8478432.0,Christian Fischer,8.699862
229,8475200.0,Dmitry Orlov,8.566875
812,8479661.0,Tanner Jeannot,8.50235
212,8480144.0,David Kampf,8.483691
855,8477353.0,Tyler Motte,8.46188
90,8481553.0,Bobby Brink,8.44196
787,8480336.0,Sean Walker,8.4327755
538,8476873.0,Mark Jankowski,8.424952
138,8473504.0,Cal Clutterbuck,8.401233
465,8478434.0,Keegan Kolesar,8.311491
515,8476822.0,Luke Glendening,8.30699
126,8481517.0,Brett Leason,8.280611
796,8476906.0,Shayne Gostisbehere,8.279618
813,8476871.0,Tanner Pearson,8.279115
133,8482122.0,Brock Faber,8.272066
519,8480025.0,MacKenzie Entwistle,8.263291
494,8477070.0,Liam O'Brien,8.2227125
683,8482671.0,Owen Power,8.218089
512,8482117.0,Lukas Reichel,8.156246
458,8480817.0,K'Andre Miller,8.089766
625,8475343.0,Nic Dowd,8.050089
349,8482105.0,Jake Sanderson,8.048899
40,8479423.0,Alexander Nylander,8.036681
516,8482684.0,Luke Hughes,7.9457703
425,8477380.0,Jonny Brodzinski,7.9271755
917,8476878.0,Zemgus Girgensons,7.869808
456,8481704.0,Juuso Parssinen,7.857733
31,8474565.0,Alex Pietrangelo,7.8351917
275,8479425.0,Filip Hronek,7.819
86,8481481.0,Blake Lizotte,7.817503
292,8478055.0,Gustav Forsling,7.784868
669,8478569.0,Noel Acciari,7.7363
79,8476624.0,Barclay Goodrow,7.728144
310,8480806.0,Isac Lundestrom,7.683453
908,8470610.0,Zach Parise,7.6704106
620,8479414.0,Nathan Bastian,7.65749
241,8482077.0,Dylan Holloway,7.6461215
94,8479383.0,Boris Katchouk,7.6456957
197,8477508.0,Curtis Lazar,7.6111946
698,8481522.0,Peyton Krebs,7.5973563
873,8478042.0,Viktor Arvidsson,7.580134
256,8480762.0,Eric Robinson,7.5614586
319,8476958.0,Jaccob Slavin,7.5399866
325,8482097.0,Jack Quinn,7.504048
673,8475171.0,Oliver Ekman-Larsson,7.4948006
700,8481577.0,Philip Tomasino,7.4498696
252,8480205.0,Emil Bemstrom,7.425489
711,8480995.0,Pontus Holmberg,7.2813253
867,8481703.0,Valtteri Puustinen,7.2159433
480,8471724.0,Kris Letang,7.2145615
841,8481533.0,Trevor Zegras,7.1686893
281,8477919.0,Frederick Gaudreau,7.1437793
566,8478911.0,Matt Roy,7.095175
848,8480848.0,Ty Dellandrea,7.013736
600,8474884.0,Mike Hoffman,6.9845166
338,8476885.0,Jacob Trouba,6.928111
234,8474563.0,Drew Doughty,6.9065666
665,8480865.0,Noah Dobson,6.8985834
624,8480145.0,Neal Pionk,6.851511
404,8479315.0,Joey Anderson,6.8193083
222,8478585.0,Derek Ryan,6.7955947
1,8477932.0,Aaron Ekblad,6.691263
12,8476457.0,Adam Larsson,6.6886907
644,8477979.0,Nicolas Aube-Kubel,6.6467814
618,8481542.0,Moritz Seider,6.6214156
299,8482148.0,Hendrix Lapierre,6.5786276
354,8480880.0,Jakub Lauko,6.5709486
554,8479671.0,Mathieu Olivier,6.539634
264,8476902.0,Esa Lindell,6.5169067
181,8476892.0,Colton Parayko,6.38372
451,8475753.0,Justin Faulk,6.3490257
797,8477447.0,Shea Theodore,6.3203135
296,8476854.0,Hampus Lindholm,6.3136797
743,8477846.0,Ryan Carpenter,6.301104
0,8478421.0,A.J. Greer,6.2966776
819,8478469.0,Thomas Chabot,6.254368
874,8478407.0,Vince Dunn,6.244868
417,8476463.0,Jonas Brodin,6.147808
818,8482133.0,Thomas Bordeleau,6.143807
559,8482679.0,Matt Coronato,6.1373935
405,8481556.0,John Beecher,6.0233574
147,8475764.0,Cam Fowler,6.0026193
750,8479066.0,Ryan Lomberg,6.000886
804,8477947.0,Sonny Milano,5.9381557
687,8474034.0,Pat Maroon,5.90624
21,8479718.0,Alex Barre-Boulet,5.8762336
128,8477488.0,Brett Pesce,5.8630605
655,8478859.0,Niko Mikkola,5.819923
347,8478136.0,Jake Middleton,5.7880173
539,8480355.0,Mark Kastelic,5.7339716
43,8478851.0,Alexandre Carrier,5.691711
403,8481641.0,Joel Kiviranta,5.6460376
362,8476467.0,Jamie Oleksiak,5.6237764
466,8482660.0,Kent Johnson,5.618964
561,8476856.0,Matt Dumba,5.5764704
446,8477473.0,Justin Bailey,5.5522704
717,8481093.0,Rafael Harvey-Pinard,5.528096
384,8478468.0,Jeremy Lauzon,5.526328
871,8478109.0,Victor Olofsson,5.497815
479,8480011.0,Klim Kostin,5.492382
209,8478178.0,Darren Raddysh,5.4226255
448,8479638.0,Justin Brazeau,5.4131007
226,8479346.0,Dillon Dube,5.3775587
55,8471699.0,Andrew Cogliano,5.280436
71,8482245.0,Artem Zub,5.2338266
563,8474709.0,Matt Martin,5.2045193
454,8474602.0,Justin Schultz,5.189774
704,8476858.0,Phillip Di Giuseppe,5.165641
314,8478500.0,Ivan Provorov,5.132389
356,8478970.0,Jalen Chatfield,5.1107597
863,8479370.0,Tyson Jost,5.101867
302,8477392.0,Hudson Fasching,5.0913444
202,8476923.0,Damon Severson,5.088406
695,8483490.0,Pavel Mintyukov,5.0535755
386,8480003.0,Jesper Boqvist,5.0348644
193,8477839.0,Conor Sheary,5.032153
168,8476879.0,Cody Ceci,5.0308957
82,8475279.0,Ben Chiarot,5.0274343
257,8480073.0,Erik Brannstrom,4.984832
442,8482749.0,Joshua Roy,4.948839
602,8476422.0,Mike Reilly,4.9322963
645,8475235.0,Nicolas Deslauriers,4.931387
724,8481147.0,Reese Johnson,4.8932495
315,8482655.0,J.J. Moser,4.842606
99,8482073.0,Braden Schneider,4.8290367
471,8478099.0,Kevin Labanc,4.821078
260,8476979.0,Erik Gustafsson,4.8056893
856,8474574.0,Tyler Myers,4.7989287
535,8479983.0,Mario Ferraro,4.7599564
881,8478882.0,Vladislav Gavrikov,4.7517605
776,8479398.0,Samuel Girard,4.7058034
603,8479998.0,Mikey Anderson,4.7009716
171,8480252.0,Cole Guttman,4.7008567
335,8479439.0,Jacob MacDonald,4.685555
533,8477969.0,Marcus Pettersson,4.6843133
715,8482241.0,Radim Zohorna,4.6577873
350,8478013.0,Jake Walman,4.608436
636,8475181.0,Nick Leddy,4.5874395
282,8478028.0,Fredrik Olofsson,4.5592613
751,8474151.0,Ryan McDonagh,4.549597
461,8482087.0,Kaiden Guhle,4.5448503
228,8475179.0,Dmitry Kulikov,4.538827
142,8480884.0,Calen Addison,4.524464
723,8480873.0,Rasmus Sandin,4.522527
112,8475188.0,Brayden McNabb,4.515215
447,8482111.0,Justin Barron,4.440939
96,8481524.0,Bowen Byram,4.435253
185,8477365.0,Connor Clifton,4.4076204
878,8479968.0,Vinni Lettieri,4.3902073
887,8478840.0,Will Borgen,4.3856344
653,8477507.0,Nikita Zadorov,4.366508
88,8480870.0,Bo Groulx,4.3281617
740,8477527.0,Ross Johnston,4.317504
433,8481606.0,Jordan Spence,4.3100886
760,8470600.0,Ryan Suter,4.309835
807,8478904.0,Steven Lorentz,4.2989583
313,8483491.0,Ivan Miroshnichenko,4.295281
125,8476967.0,Brett Kulak,4.287342
346,8476931.0,Jake McCabe,4.2650785
42,8481014.0,Alexander Romanov,4.25732
457,8479976.0,Juuso Valimaki,4.2215643
741,8478078.0,Rourke Chartier,4.2182965
411,8478507.0,John Marino,4.1283345
590,8480891.0,Michael Kesselring,4.1171794
766,8474040.0,Sam Gagner,4.1157665
757,8471817.0,Ryan Reaves,4.1027284
803,8483495.0,Simon Nemec,4.0972137
595,8475958.0,Michael Sgarbossa,4.088143
104,8478443.0,Brandon Carlo,4.085912
611,8482070.0,Mitchell Chaffee,4.0496883
622,8477573.0,Nathan Walker,4.021996
646,8479980.0,Nicolas Hague,4.010549
749,8479324.0,Ryan Lindgren,4.0091615
323,8471677.0,Jack Johnson,3.9303598
382,8473507.0,Jeff Petry,3.903019
706,8477930.0,Pierre-Edouard Bellemare,3.8542864
772,8478104.0,Sammy Blais,3.8363495
571,8483505.0,Matthew Poitras,3.7911146
341,8479402.0,Jake Bean,3.7638946
857,8475752.0,Tyler Pitlick,3.755462
331,8481605.0,Jackson LaCombe,3.7494478
756,8477506.0,Ryan Pulock,3.7381914
51,8476960.0,Andreas Athanasiou,3.6874876
619,8477220.0,Nate Schmidt,3.6591496
691,8479339.0,Patrik Laine,3.6590784
482,8477335.0,Kyle Burroughs,3.6452472
164,8477989.0,Christian Dvorak,3.63597
14,8476917.0,Adam Pelech,3.628676
35,8481568.0,Alex Vlasic,3.6230505
130,8475208.0,Brian Dumoulin,3.605552
631,8474009.0,Nick Bonino,3.577417
861,8475197.0,Tyson Barrie,3.5646026
392,8481058.0,Jesse Ylonen,3.558666
635,8475324.0,Nick Jensen,3.55163
676,8480245.0,Olle Lycksell,3.5426931
884,8482652.0,Walker Duehr,3.5412853
637,8480246.0,Nick Perbix,3.5121257
593,8479543.0,Michael Pezzetta,3.5109563
239,8476331.0,Dylan DeMelo,3.4937117
437,8482659.0,Josh Doan,3.4870584
660,8482496.0,Nils Aman,3.4805868
120,8474090.0,Brendan Smith,3.4416378
846,8479442.0,Troy Stecher,3.4360998
828,8477931.0,Tomas Nosek,3.4321275
416,8479981.0,Jonah Gadjovich,3.4145675
473,8474031.0,Kevin Shattenkirk,3.387608
484,8481237.0,Kyle MacLean,3.3784797
824,8480043.0,Timothy Liljegren,3.3766038
543,8480796.0,Martin Fehervary,3.3412974
570,8479547.0,Matthew Phillips,3.330152
3,8480871.0,Adam Boqvist,3.3277185
716,8475462.0,Radko Gudas,3.3137033
118,8476867.0,Brendan Gaunce,3.3020847
370,8479994.0,Jaret Anderson-Dolan,3.2734225
300,8480035.0,Henri Jokiharju,3.2533207
210,8481019.0,David Gustafsson,3.2527125
675,8480789.0,Oliver Wahlstrom,3.2468243
562,8476891.0,Matt Grzelcyk,3.2329297
681,8479546.0,Oskar Steen,3.1960053
444,8479328.0,Julien Gauthier,3.1668048
355,8477944.0,Jakub Vrana,3.1452613
639,8476372.0,Nick Seeler,3.1186264
610,8478483.0,Mitch Marner,3.1180193
470,8483466.0,Kevin Korchinski,3.0894718
121,8475455.0,Brenden Dillon,3.0791144
419,8478399.0,Jonas Siegenthaler,3.0776243
413,8480192.0,Johnathan Kovacevic,3.058773
905,8474567.0,Zach Bogosian,3.0489707
18,8474166.0,Alec Martinez,3.0459642
244,8480049.0,Dylan Samberg,3.0258482
83,8477018.0,Ben Hutton,3.0213647
287,8479379.0,Givani Smith,2.9921153
821,8482116.0,Tim Sttzle,2.9887369
909,8477482.0,Zach Sanford,2.9706438
47,8482109.0,Alexis Lafrenire,2.955845
236,8478211.0,Dryden Hunt,2.9367983
911,8480727.0,Zach Whitecloud,2.9214094
652,8481537.0,Nikita Okhotiuk,2.909845
914,8482737.0,Zack Bolduc,2.8852391
119,8477962.0,Brendan Lemieux,2.8813272
418,8480007.0,Jonas Rondbjerg,2.8530033
75,8478512.0,Austin Czarnik,2.8475616
677,8476874.0,Olli Maatta,2.8355355
547,8482511.0,Mason Lohrei,2.8351493
745,8477435.0,Ryan Graves,2.8254704
364,8480172.0,Jan Rutta,2.8093135
206,8479371.0,Dante Fabbro,2.8070838
399,8476441.0,Joel Edmundson,2.7936409
215,8475233.0,David Savard,2.785726
528,8471709.0,Marc-Edouard Vlasic,2.7824895
662,8480878.0,Nils Lundkvist,2.7806468
604,8479410.0,Mikhail Sergachev,2.7451763
810,8474673.0,TJ Brodie,2.726542
162,8476919.0,Chris Tierney,2.7221375
15,8480008.0,Adam Ruzicka,2.6968837
113,8481167.0,Brayden Pachal,2.685539
232,8476462.0,Dougie Hamilton,2.6772816
262,8473446.0,Erik Johnson,2.6268907
367,8478424.0,Jansen Harkins,2.6194522
518,8474568.0,Luke Schenn,2.6081069
306,8480950.0,Ilya Lyubushkin,2.6039348
201,8477541.0,Dakota Mermis,2.570488
842,8477845.0,Trevor van Riemsdyk,2.5678885
674,8478430.0,Oliver Kylington,2.5674186
472,8479291.0,Kevin Rooney,2.5503178
361,8482142.0,Jamie Drysdale,2.5431776
304,8474013.0,Ian Cole,2.496877
301,8481567.0,Henry Thrun,2.4912844
415,8475750.0,Jon Merrill,2.4728136
134,8476934.0,Brock McGinn,2.4643056
259,8475790.0,Erik Gudbranson,2.4637597
145,8475177.0,Calvin de Haan,2.4596765
334,8481422.0,Jacob Lucchini,2.4565153
868,8481617.0,Vasily Podkolzin,2.401119
161,8475690.0,Chris Tanev,2.3975513
78,8479536.0,Axel Jonsson-Fjallby,2.3777044
249,8481178.0,Egor Zamula,2.3599133
116,8482153.0,Brendan Brisson,2.349725
258,8478416.0,Erik Cernak,2.3192763
721,8480845.0,Rasmus Kupari,2.3180566
179,8478400.0,Colin White,2.277014
530,8474618.0,Marco Scandella,2.2606947
467,8480860.0,Kevin Bahl,2.237213
565,8482460.0,Matt Rempe,2.2359018
762,8482858.0,Ryker Evans,2.231934
23,8471274.0,Alex Goligoski,2.2208586
204,8482624.0,Daniil Miromanov,2.2023191
902,8481708.0,Zac Jones,2.1703405
722,8477499.0,Rasmus Ristolainen,2.1681247
831,8477950.0,Tony DeAngelo,2.1256046
273,8480078.0,Filip Chytil,2.0766585
178,8476525.0,Colin Miller,2.0536878
219,8478495.0,Denis Gurianov,2.0466006
390,8479344.0,Jesse Puljujarvi,2.0192354
328,8480021.0,Jack Studnicka,2.0120254
224,8476913.0,Devin Shore,2.0026562
377,8481593.0,Jayden Struble,2.002496
726,8479514.0,Rem Pitlick,1.9871981
781,8481059.0,Scott Perunovich,1.982203
564,8476442.0,Matt Nieto,1.9745518
864,8480001.0,Urho Vaakanainen,1.969794
814,8475791.0,Taylor Hall,1.9519845
218,8480990.0,Declan Chisholm,1.9474268
357,8480468.0,James Hamblin,1.944179
69,8482964.0,Arber Xhekaj,1.9308695
230,8476952.0,Dominic Toninato,1.9266547
309,8482192.0,Isaak Phillips,1.9117657
294,8480184.0,Gustav Lindstrom,1.8838826
366,8475825.0,Jani Hakanpaa,1.867884
800,8481122.0,Simon Benoit,1.8602948
34,8481532.0,Alex Turcotte,1.8266497
834,8478408.0,Travis Dermott,1.8151796
789,8480222.0,Sebastian Aho,1.7821981
537,8470966.0,Mark Giordano,1.7781433
395,8484314.0,Jiri Smejkal,1.7742655
671,8482803.0,Olen Zellweger,1.7634771
265,8478451.0,Ethan Bear,1.743121
481,8477073.0,Kurtis MacDermid,1.7332243
575,8480807.0,Mattias Samuelsson,1.7194793
358,8482744.0,James Malatesta,1.7118704
436,8477384.0,Josh Brown,1.7054645
487,8482172.0,Landon Slaggert,1.7044287
879,8476994.0,Vinnie Hinostroza,1.7042953
429,8480887.0,Jordan Harris,1.6967275
152,8477369.0,Carson Soucy,1.6955695
708,8480058.0,Pierre-Olivier Joseph,1.6940154
915,8479772.0,Zack MacEwen,1.6926743
875,8479576.0,Vincent Desharnais,1.6629326
668,8478454.0,Noah Juulsen,1.6238424
84,8483570.0,Ben Meyers,1.619791
885,8484325.0,Waltteri Merela,1.6136922
52,8477971.0,Andreas Englund,1.5782827
190,8476473.0,Connor Murphy,1.5673128
641,8473563.0,Nicklas Backstrom,1.5618345
599,8482451.0,Mikael Pyyhtia,1.5597997
332,8480879.0,Jacob Bernard-Docker,1.5519257
5,8477454.0,Adam Erne,1.5462761
111,8482730.0,Brandt Clarke,1.5427905
551,8479972.0,Mason Shaw,1.5232072
893,8479367.0,William Lockwood,1.4807497
511,8480843.0,Lukas Dostal,1.4670229
76,8475766.0,Austin Watson,1.4663223
369,8474716.0,Jared Spurgeon,1.4435719
137,8475278.0,Byron Froese,1.4428576
527,8471686.0,Marc Staal,1.4310404
748,8481564.0,Ryan Johnson,1.4309794
833,8476329.0,Travis Boyd,1.4145749
568,8482516.0,Matthew Kessel,1.4043124
835,8474612.0,Travis Hamonic,1.380318
460,8481527.0,Kaedan Korczak,1.356021
795,8483524.0,Shane Wright,1.3390234
103,8482061.0,Brandon Biro,1.3348975
211,8483460.0,David Jiricek,1.3327571
779,8476429.0,Scott Mayfield,1.3107163
58,8479369.0,Andrew Peeke,1.300159
95,8481524.0,Bowen  Byram,1.2944832
221,8475762.0,Derek Forbort,1.2557086
29,8479423.0,Alex Nylander,1.2554492
220,8478502.0,Dennis Gilbert,1.2199624
768,8484258.0,Sam Malinski,1.2135669
798,8480776.0,Sheldon Rempal,1.2035556
64,8478409.0,Anthony Richard,1.2015976
420,8481013.0,Jonatan Berggren,1.1819613
59,8481065.0,Angus Crookshank,1.1807679
141,8478452.0,Caleb Jones,1.1785365
194,8479982.0,Conor Timmins,1.1764842
2,8481550.0,Adam Beckman,1.167959
438,8479372.0,Josh Mahura,1.1678388
493,8480853.0,Liam Foudy,1.1614836
654,8479458.0,Nikita Zaitsev,1.155105
410,8481206.0,John Ludvig,1.1403632
865,8484304.0,Uvis Balinskis,1.1372592
843,8480441.0,Trey Fix-Wolansky,1.1258471
298,8477938.0,Haydn Fleury,1.1211072
774,8481541.0,Samuel Bolduc,1.1139802
737,8481521.0,Ronnie Attard,1.0867133
583,8478051.0,Max Willman,1.0835027
633,8480084.0,Nick DeSimone,1.0815951
524,8482177.0,Marat Khusnutdinov,1.0810312
906,8482784.0,Zach Dean,1.0573534
613,8478477.0,Mitchell Stephens,1.0521204
686,8478450.0,Parker Wotherspoon,1.0357459
151,8480292.0,Carson Meyer,1.0233126
496,8481024.0,Linus Karlsson,1.0205153
648,8481543.0,Nikita Alexandrov,1.0131345
626,8477464.0,Nic Petan,1.0055535
892,8478021.0,William Lagesson,1.0024006
849,8480834.0,Ty Emberson,0.98216033
163,8475780.0,Chris Wagner,0.97854084
156,8477244.0,Chad Ruhwedel,0.9762654
550,8481462.0,Mason Morelli,0.96110904
432,8477851.0,Jordan Oesterle,0.9519292
402,8477810.0,Joel Hanley,0.9489289
844,8477465.0,Tristan Jarry,0.9460248
172,8481043.0,Cole Koepke,0.93813455
371,8475797.0,Jarred Tinordi,0.9254764
503,8479378.0,Logan Stanley,0.91020036
278,8483493.0,Frank Nazar,0.87108403
180,8484911.0,Collin Graf,0.851474
522,8482713.0,Mackie Samoskevich,0.80029976
376,8477034.0,Jaycob Megna,0.7881016
765,8482118.0,Sam Colangelo,0.7807094
801,8482762.0,Simon Edvinsson,0.77653295
608,8483597.0,Milos Kelemen,0.7735018
408,8475906.0,John Klingberg,0.76952326
761,8482751.0,Ryan Winterton,0.7677519
106,8479330.0,Brandon Gignac,0.76234394
730,8479362.0,Riley Tufte,0.75954354
422,8480836.0,Jonathan Gruden,0.7588688
896,8482176.0,Wyatt Kaiser,0.7495019
352,8481592.0,Jakob Pelletier,0.74712694
513,8481751.0,Lukas Rousek,0.7470282
37,8480823.0,Alexander Alexeyev,0.73132724
651,8481754.0,Nikita Nesterenko,0.72772837
495,8483499.0,Liam Ohgren,0.7061019
17,8480851.0,Akil Thomas,0.7022973
498,8474053.0,Logan Couture,0.69146323
805,8481056.0,Spencer Stastney,0.6893113
452,8475718.0,Justin Holl,0.6610373
504,8478011.0,Louie Belpedio,0.6554844
775,8481239.0,Samuel Fagemo,0.6445121
199,8482094.0,Daemon Hunt,0.64098233
732,8474145.0,Robert Bortuzzo,0.6406212
536,8478017.0,Mark Friedman,0.6340118
793,8480032.0,Shane Bowers,0.6162573
500,8483012.0,Logan Morrison,0.6135327
255,8482929.0,Emil Martinsen Lilleberg,0.61088204
4,8481726.0,Adam Edstrom,0.6096937
311,8482765.0,Isak Rosen,0.6091853
758,8478854.0,Ryan Shea,0.6060166
860,8481006.0,Tyler Tucker,0.60251313
688,8477887.0,Patrick Brown,0.60069525
913,8477482.0,Zachary Sanford,0.59448016
845,8483482.0,Tristan Luneau,0.59408844
777,8481701.0,Santeri Hatakka,0.5935454
254,8482929.0,Emil Lilleberg,0.59062344
291,8480844.0,Grigori Denisenko,0.5731872
337,8480216.0,Jacob Peterson,0.5607064
333,8480196.0,Jacob Bryson,0.5496762
280,8483489.0,Fraser Minten,0.54819584
735,8482162.0,Roby Jarventie,0.5468592
20,8479718.0,Alex Barr-Boulet,0.5410364
578,8480031.0,Max Comtois,0.5229378
630,8483565.0,Nick Blankenburg,0.50628483
205,8482101.0,Danil Gushchin,0.4932076
305,8480070.0,Ian Mitchell,0.4929503
670,8481518.0,Nolan Foote,0.47219336
567,8478146.0,Matthew Highmore,0.45673084
709,8483920.0,Pierrick Dube,0.43805873
697,8483630.0,Pavol Regenda,0.43069652
340,8474596.0,Jake Allen,0.4288999
373,8484255.0,Jason Polin,0.42468494
525,8481743.0,Marc Del Gaizo,0.41874975
342,8481161.0,Jake Christiansen,0.40742695
585,8481719.0,Maxwell Crozier,0.40641722
303,8481070.0,Hugh McGing,0.40258414
557,8476988.0,Matt Benning,0.4015957
336,8479421.0,Jacob Moverare,0.39674777
70,8483395.0,Arshdeep Bains,0.3873213
577,8482145.0,Mavrik Bourque,0.3787747
122,8482747.0,Brennan Othmann,0.37196007
916,8482859.0,Zack Ostapchuk,0.3690787
11,8483609.0,Adam Klapka,0.36255246
450,8475413.0,Justin Dowling,0.35155305
521,8476907.0,Mackenzie MacEachern,0.3430399
100,8484203.0,Bradly Nadeau,0.3403071
508,8479321.0,Lucas Johansen,0.33847225
327,8481030.0,Jack St. Ivany,0.32795888
782,8477149.0,Scott Sabourin,0.32761088
391,8481058.0,Jesse Ylnen,0.32481945
679,8484259.0,Ondrej Pavel,0.3224224
308,8482470.0,Ilya Solovyov,0.31716266
488,8483457.0,Lane Hutson,0.3148778
380,8482147.0,Jean-Luc Foudy,0.3083409
718,8481534.0,Raphael Lavoie,0.28485408
510,8482141.0,Lukas Cormier,0.28396675
584,8481679.0,Maxence Guenette,0.27962187
32,8482634.0,Alex Steeves,0.27806222
505,8481806.0,Louis Crevier,0.27439582
289,8481578.0,Graeme Clarke,0.2681165
286,8483567.0,Georgii Merkulov,0.2647285
854,8482095.0,Tyler Kleven,0.255706
297,8479522.0,Hardy Haman Aktell,0.2390784
409,8481077.0,John Leonard,0.2375036
144,8480157.0,Calle Rosen,0.23223968
426,8479533.0,Joona Koppanen,0.22195539
656,8481812.0,Nikolai Knyzhov,0.22035022
699,8481598.0,Philip Broberg,0.21806878
733,8477462.0,Robert Hagg,0.21348923
773,8480267.0,Sammy Walker,0.21193142
526,8483397.0,Marc McLaughlin,0.20911622
330,8482809.0,Jackson Blake,0.20831724
476,8481523.0,Kirby Dach,0.2058265
248,8481585.0,Egor Afanasyev,0.20446253
780,8482666.0,Scott Morrow,0.19861239
293,8480184.0,Gustav Lindstrm,0.19666317
534,8480226.0,Marian Studenic,0.19599637
506,8483432.0,Luca Del Bel Belluz,0.19519565
198,8483445.0,Cutter Gauthier,0.1935884
131,8483531.0,Brian Halonen,0.1931664
882,8481609.0,Vladislav Kolyachonok,0.18497029
876,8482861.0,Vincent Iorio,0.18409887
127,8479419.0,Brett Murray,0.18346895
649,8482787.0,Nikita Chibrikov,0.17822489
174,8481655.0,Cole Schwindt,0.1773005
365,8475825.0,Jani Hakanp,0.17421073
507,8483549.0,Lucas Condotta,0.16348335
702,8479026.0,Philippe Myers,0.16256247
9,8480874.0,Adam Ginning,0.16177267
792,8482166.0,Shakir Mukhamadullin,0.16106373
903,8479944.0,Zach Aston-Reese,0.15665671
253,8482476.0,Emil Heineman,0.15375416
455,8482088.0,Justin Sourdif,0.14656785
463,8479348.0,Kale Clague,0.13812542
742,8481016.0,Ruslan Iskhakov,0.13173777
499,8482733.0,Logan Mailloux,0.12517555
8,8478874.0,Adam Gaudette,0.12507336
453,8477993.0,Justin Kirkland,0.12235292
363,8480890.0,Jan Jenik,0.12233925
41,8475755.0,Alexander Petrovic,0.12199961
329,8482144.0,Jack Thompson,0.119144514
92,8478147.0,Bokondji Imama,0.1164307
284,8482201.0,Gage Goncalves,0.113922656
385,8480280.0,Jeremy Swayman,0.111178875
97,8483471.0,Brad Lambert,0.10455942
288,8478446.0,Glenn Gawdin,0.09759105
898,8482165.0,Yan Kuznetsov,0.09749491
869,8482102.0,Vasily Ponomarev,0.0963915
378,8477126.0,Jayson Megna,0.095665075
129,8478881.0,Brett Seney,0.08180944
223,8476884.0,Derrick Pouliot,0.07187854
243,8475795.0,Dylan McIlrath,0.06932274
606,8473473.0,Milan Lucic,0.058523707
237,8479639.0,Dylan Coghlan,0.048979953
872,8481599.0,Victor Soderstrom,0.04871576
769,8481591.0,Sam Poulin,0.046823237
139,8479985.0,Cale Fleury,0.042791195
680,8482712.0,Oskar Olausson,0.038331613
851,8481690.0,Tyler Angle,0.03679417
523,8483763.0,Maksymilian Szuber,0.035934344
276,8483619.0,Filip Roos,0.03110312
912,8482737.0,Zachary Bolduc,0.02835637
217,8483398.0,Declan Carlile,0.028071297
659,8484321.0,Nikolas Matinpalo,0.027691634
394,8483468.0,Jiri Kulich,0.026771078
542,8483546.0,Marshall Rifai,0.025127985
729,8474062.0,Riley Nash,0.024474626
407,8477401.0,John Hayden,0.018484712
149,8480075.0,Cameron Crotty,0.0178633
825,8481600.0,Tobias Bjornfot,0.017701244
187,8482067.0,Connor Mackey,0.014871996
690,8484326.0,Patrik Koch,0.011209503
65,8476932.0,Anthony Stolarz,0.009332941
290,8480306.0,Grant Hutton,0.0072776554
443,8476915.0,Jujhar Khaira,0.0058280574
66,8477320.0,Anton Blidh,0.005503681
657,8481042.0,Nikolai Kovalenko,0.004798363
581,8479320.0,Max Lajoie,0.004515986
